Date,0
2013-01-02,0.8572480441785549
2013-01-03,-0.0030372756537589973
2013-01-04,-0.007674959928733238
2013-01-07,0.0006410838553395637
2013-01-08,0.004742347239966471
2013-01-09,-0.0015705873938239856
2013-01-10,0.0013311041183494687
2013-01-11,-0.011541879510724717
2013-01-14,0.011310400477329341
2013-01-15,-0.014761710697564934
2013-01-16,0.0030319548963104737
2013-01-17,0.004091856003518579
2013-01-18,0.007414606513046151
2013-01-21,-0.0014280602719191071
2013-01-22,0.006740970913596045
2013-01-23,0.0035252133749759107
2013-01-24,0.004663719620728757
2013-01-25,0.00016249049375904878
2013-01-28,0.0019782926130691436
2013-01-29,0.008121743789905156
2013-01-30,0.00512569220469028
2013-01-31,0.006294955228463905
2013-02-01,0.011363998462716296
2013-02-04,-0.010355090467098704
2013-02-05,0.008684636245119393
2013-02-06,0.001703246406804526
2013-02-07,0.004981009630596445
2013-02-08,0.015395553916254356
2013-02-11,-0.006755423132046134
2013-02-12,0.005267620152547892
2013-02-13,0.00039083416727703213
2013-02-14,-0.0064682362015526795
2013-02-15,-0.003192555724181201
2013-02-18,-0.0028213430771230064
2013-02-19,0.0011598526920735264
2013-02-20,-0.017736002269960638
2013-02-21,-0.01922637558524176
2013-02-22,0.004464885325885293
2013-02-25,0.0025999363358089056
2013-02-26,-0.015721401666348056
2013-02-27,-0.007827096142333012
2013-02-28,-0.005099373884415392
2013-03-01,-0.009315185416583605
2013-03-04,-0.003103058822738647
2013-03-05,0.013674476628604104
2013-03-06,-0.004981141249624899
2013-03-07,0.0012023856726975923
2013-03-08,-0.0029086801822838515
2013-03-11,-0.005806163500533201
2013-03-12,-0.005402530515341342
2013-03-13,-0.010644537300430024
2013-03-14,0.00799394213616722
2013-03-15,0.0034583416391862354
2013-03-18,-0.0025506652202935687
2013-03-19,-0.018879993774721382
2013-03-20,0.01136997164830078
2013-03-21,-0.01195314787221613
2013-03-22,0.0019729503574370533
2013-03-25,0.004357072739532786
2013-03-26,0.011064007094498729
2013-03-27,0.003316325257120667
2013-03-28,0.003415073755258402
2013-04-01,0.00988750657715276
2013-04-02,-0.0033765501267387643
2013-04-03,-0.03268971704251322
2013-04-04,-0.007598633651389131
2013-04-05,-0.021544264726809925
2013-04-08,0.004501486600488769
2013-04-09,0.013874364906502845
2013-04-10,-0.003719606426775268
2013-04-11,-0.013589224911889186
2013-04-12,-0.010972343167223397
2013-04-15,-0.02559957671467561
2013-04-16,-0.0050540460227611606
2013-04-17,-0.0212654796838061
2013-04-18,0.012868050352576765
2013-04-19,0.004310845187031287
2013-04-22,0.007281508333550346
2013-04-23,-0.0005046642518331534
2013-04-24,0.013272561580206399
2013-04-25,0.015598202825170104
2013-04-26,-0.0017064647736668714
2013-04-29,0.006435903313100844
2013-04-30,-0.013252579597643255
2013-05-01,-0.0222479931982994
2013-05-02,0.026008313145092554
2013-05-03,0.011963812112083083
2013-05-06,0.012669447926590416
2013-05-07,-0.009230317027878243
2013-05-08,-0.0003067911093411757
2013-05-09,0.0008861110485903767
2013-05-10,-0.005156832358478192
2013-05-13,-0.010057526383530635
2013-05-14,-0.0023070539646472543
2013-05-15,0.009603314790015416
2013-05-16,0.0011620811316525037
2013-05-17,0.008054071197297397
2013-05-20,0.0016008349447762527
2013-05-21,-0.00793290766740895
2013-05-22,-0.012110646220623744
2013-05-23,-0.0018739429207667024
2013-05-24,0.0014475858881352055
2013-05-27,-0.00020757510075275487
2013-05-28,0.014873289236633003
2013-05-29,-0.016392834669668233
2013-05-30,-0.0019487428363281767
2013-05-31,-0.017109466653154493
2013-06-03,0.01510061747663316
2013-06-04,0.010531419398240538
2013-06-05,-0.001230501861896549
2013-06-06,0.005561930106470103
2013-06-07,0.00875004737290519
2013-06-10,-0.0053449289423878055
2013-06-11,-0.008907796205524288
2013-06-12,0.004592691326905651
2013-06-13,0.006770510338273472
2013-06-14,0.01569923843909371
2013-06-17,-0.003828365851105797
2013-06-18,0.005492057607515366
2013-06-19,0.0008500376659005271
2013-06-20,-0.03637060109121304
2013-06-21,-0.01182763299704881
2013-06-24,0.001025044982346901
2013-06-25,0.0005930554355645379
2013-06-26,0.003764342003529264
2013-06-27,0.010749818099080932
2013-06-28,-0.005830367899129607
2013-07-01,0.007989857151457613
2013-07-02,0.009108612899988433
2013-07-03,0.016551172807947268
2013-07-04,-0.001541741540804109
2013-07-05,0.020544088938052152
2013-07-08,-0.002488622547568431
2013-07-09,0.004089640653543336
2013-07-10,0.006402071123835507
2013-07-11,-0.00699194844733142
2013-07-12,0.010053590166734572
2013-07-15,0.002474260228339631
2013-07-16,0.003193896049746181
2013-07-17,-0.007156203977257802
2013-07-18,0.0008289115130599711
2013-07-19,-0.006014715582237984
2013-07-22,0.0006917167242641575
2013-07-23,0.0023134862063616257
2013-07-24,-0.01126767304667442
2013-07-25,0.00417372934583915
2013-07-26,-0.004718862493531484
2013-07-29,0.0026552509854628203
2013-07-30,-0.005076328067441294
2013-07-31,0.007290950032994403
2013-08-01,0.016868654385576942
2013-08-02,-0.004998399781209972
2013-08-05,-0.0018397173886428586
2013-08-06,-0.004982972046820966
2013-08-07,-0.006940574601999039
2013-08-08,-0.007226582871958764
2013-08-09,0.013877044092619473
2013-08-12,0.006857193744787993
2013-08-13,0.008348276792896181
2013-08-14,0.0038072968124869266
2013-08-15,0.008661491689631151
2013-08-16,-0.006324218710452856
2013-08-19,-0.004420533027927109
2013-08-20,0.0020416970597689765
2013-08-21,-0.003244636227585973
2013-08-22,0.0008619911696495786
2013-08-23,0.010405051091801232
2013-08-26,-0.0027000638045640013
2013-08-27,0.03370201083456248
2013-08-28,0.021025391030700002
2013-08-29,-0.012054266060295027
2013-08-30,-0.010101802663911252
2013-09-02,0.0024013468083964318
2013-09-03,0.012131492083493622
2013-09-04,-0.006844488093335488
2013-09-05,0.0035221096707430677
2013-09-06,0.00773381882907298
2013-09-09,-0.02189293209258747
2013-09-10,-0.022755263500941147
2013-09-11,0.0013374447556473434
2013-09-12,0.009720643338918533
2013-09-13,0.001578437109668429
2013-09-16,-0.02460197551346799
2013-09-17,-0.01756302719004854
2013-09-18,0.02119488885443077
2013-09-19,-0.01720450914731053
2013-09-20,0.004718693839192545
2013-09-23,-0.010231868904984176
2013-09-24,0.00443123219078001
2013-09-25,-0.003195304970851409
2013-09-26,0.008293212627453861
2013-09-27,-0.005330499637360653
2013-09-30,-0.0022028129301928656
2013-10-01,-0.004152876253418203
2013-10-02,0.011382306918075291
2013-10-03,-0.00173229125281249
2013-10-04,0.004570676915322203
2013-10-07,0.0020218023344019675
2013-10-08,0.004574221254272648
2013-10-09,-0.010007601521611176
2013-10-10,0.025233230070477064
2013-10-11,-0.004795072987697102
2013-10-14,-0.0014820099773283912
2013-10-15,-0.010115964768571795
2013-10-16,0.008094072294705046
2013-10-17,-0.016315644504767746
2013-10-18,0.007701564647981218
2013-10-21,-0.0031698133508442083
2013-10-22,0.0032415567093029285
2013-10-23,-0.020021473715420623
2013-10-24,-0.007602997653542554
2013-10-25,-0.00126441989110182
2013-10-28,0.024427593122192337
2013-10-29,-0.005240125958493325
2013-10-30,0.00852407679984113
2013-10-31,-0.009464888621503409
2013-11-01,-0.026837746593042056
2013-11-04,0.002325697183629849
2013-11-05,-0.009087173672177595
2013-11-06,-0.0008372074324844991
2013-11-07,-0.0166507837691362
2013-11-08,0.015053787864626189
2013-11-11,0.011456418837219817
2013-11-12,-0.004811703423841185
2013-11-13,0.012357873581030687
2013-11-14,0.013046795184021076
2013-11-15,0.0001657874710104812
2013-11-18,0.00012624410944794828
2013-11-19,-0.014280802980059515
2013-11-20,0.010310661023764767
2013-11-21,0.018275084846449352
2013-11-22,0.009480013055527259
2013-11-25,0.0002268934653352206
2013-11-26,-0.0008321454190656219
2013-11-27,0.003929932046725315
2013-11-28,-0.004128084014174971
2013-11-29,-0.01069559783054852
2013-12-02,0.015939178036285417
2013-12-03,0.01062992898900017
2013-12-04,-0.006175921496611725
2013-12-05,-0.00803094086066758
2013-12-06,0.0054858869463586535
2013-12-09,-0.0206200532952886
2013-12-10,-0.00015954098476256284
2013-12-11,0.0023080922638306633
2013-12-12,-0.009447099315736396
2013-12-13,0.0014492366466450912
2013-12-16,0.014817119353478958
2013-12-17,-0.01845480264877808
2013-12-18,0.011195686626041312
2013-12-19,0.00562589362034116
2013-12-20,0.014036383590286472
2013-12-23,-0.0015783913797937643
2013-12-24,0.003529873591215593
2013-12-26,0.0007141259437190017
2013-12-27,0.0019471195787666984
2013-12-30,-0.008882487698958275
2013-12-31,-0.0038246440185230046
2014-01-02,-0.028119379333611527
2014-01-03,-0.008646269789620131
2014-01-06,-0.0024372673638917153
2014-01-07,0.005433539002343335
2014-01-08,-0.0018173526265352624
2014-01-09,-0.006839650575950151
2014-01-10,0.007773124892998973
2014-01-13,-0.004723601224644991
2014-01-14,-0.0031228576441031386
2014-01-15,0.006627395420290005
2014-01-16,-0.0003886286888782342
2014-01-17,-0.005406817227390004
2014-01-20,-0.0012761057139970555
2014-01-21,0.0033081822604057454
2014-01-22,0.014179158077079701
2014-01-23,-0.006069763968293618
2014-01-24,0.0031252880035077535
2014-01-27,-0.011116771294795491
2014-01-28,0.006579797784221575
2014-01-29,0.003789198491030543
2014-01-30,0.0011758182854672006
2014-01-31,-0.014128761164941661
2014-02-03,-0.003457892550148056
2014-02-04,-0.002877294084052573
2014-02-05,0.004193632573284423
2014-02-06,0.008629647760039494
2014-02-07,0.022144862276595845
2014-02-10,-0.008116454398183759
2014-02-11,0.0010370531507783998
2014-02-12,0.0007487017308523969
2014-02-13,-0.0005256188680660134
2014-02-14,0.003246165238643739
2014-02-17,0.0009422951983606431
2014-02-18,0.011892393645671295
2014-02-19,0.0002636776131362817
2014-02-20,-0.001196821418328664
2014-02-21,-0.004157865276257278
2014-02-24,0.007172079431186695
2014-02-25,-0.010441041612335056
2014-02-26,0.0001921402815413531
2014-02-27,-0.005476791442642903
2014-02-28,0.0009527324926544845
2014-03-03,0.019456082497747662
2014-03-04,-0.01721788706355054
2014-03-05,-0.013775959721823772
2014-03-06,0.002412932620250108
2014-03-07,0.007880252172717817
2014-03-10,-0.0082696075508224
2014-03-11,0.00448089249435768
2014-03-12,-0.005089124003087142
2014-03-13,-0.0057229872529304116
2014-03-14,0.010638339571054312
2014-03-17,-0.021493683188460122
2014-03-18,0.005139910055530272
2014-03-19,-0.009257735589327631
2014-03-20,0.00557488619437696
2014-03-21,0.004123533968554138
2014-03-24,-0.0007880220613943889
2014-03-25,0.001779062188613234
2014-03-26,0.00035674757924775147
2014-03-27,0.007419130715217492
2014-03-28,0.0023097558717009026
2014-03-31,-0.002597188746637613
2014-04-01,-0.01966214285405876
2014-04-02,-0.007967082977647255
2014-04-03,0.011811430058261019
2014-04-04,0.005160335170107722
2014-04-07,-0.007830165693524571
2014-04-08,0.017089916610744882
2014-04-09,0.0028020131834646245
2014-04-10,-0.004221356932395559
2014-04-11,-0.0011657771685431584
2014-04-14,0.01585122441251674
2014-04-15,-0.002880144759019876
2014-04-16,0.008376968213625213
2014-04-17,-0.0006427444648604563
2014-04-21,0.00410419293079245
2014-04-22,-0.006231765262948996
2014-04-23,-0.0014282518874381145
2014-04-24,0.0110160231526365
2014-04-25,-0.006812452595982066
2014-04-28,-0.013171897765216878
2014-04-29,0.007537353335158925
2014-04-30,-0.008697735384159189
2014-05-01,-0.0027084655473249564
2014-05-02,0.007343864273731682
2014-05-05,-0.008003458291203969
2014-05-06,-0.0059339450753599365
2014-05-07,0.00952515340870097
2014-05-08,-0.0008979072823476208
2014-05-09,-0.0010840799025989556
2014-05-12,0.004743468689307195
2014-05-13,0.007654322934488866
2014-05-14,0.008985371258962371
2014-05-15,0.0026448852167354486
2014-05-16,-0.0060505657414213765
2014-05-19,-0.003502924245473271
2014-05-20,0.002705102856802255
2014-05-21,0.007842202107187113
2014-05-22,-0.0015609840325379043
2014-05-23,0.0018818599564350835
2014-05-26,-0.002059177397604528
2014-05-27,-0.0027341661242227255
2014-05-28,-0.0020293546082008618
2014-05-29,0.0013632096763174228
2014-05-30,-0.005196455892414131
2014-06-02,-0.005354959947491689
2014-06-03,-0.00031726997871395213
2014-06-04,-0.004032910045718929
2014-06-05,0.003539724317389803
2014-06-06,-0.0017334583842705253
2014-06-09,0.012792961307751649
2014-06-10,-0.004223226567129812
2014-06-11,0.0043005269504066135
2014-06-12,0.02816924835383594
2014-06-13,0.0040556524668134974
2014-06-16,-0.0034026981351754637
2014-06-17,0.004753202255555422
2014-06-18,0.007377448861054403
2014-06-19,0.007599692221970211
2014-06-20,-0.001979534104605163
2014-06-23,-0.006149395684459602
2014-06-24,0.0029806095364525165
2014-06-25,-0.004393480981361164
2014-06-26,-0.007225030899720597
2014-06-27,0.000608307333820779
2014-06-30,-0.008867913925541981
2014-07-01,-0.0007234932830848528
2014-07-02,-0.009941187617182101
2014-07-03,-0.002346278391186729
2014-07-04,-0.0036410259546678647
2014-07-07,-0.0037905216677106557
2014-07-08,-0.01211284900923948
2014-07-09,-0.006334374152791589
2014-07-10,0.0031433302430255994
2014-07-11,-0.01864529221956701
2014-07-14,0.0028324340700636164
2014-07-15,-0.00937582659024061
2014-07-16,-0.0015802192947207416
2014-07-17,0.018481856160357468
2014-07-18,-0.005803328654166551
2014-07-21,0.00456154706607903
2014-07-22,-0.003358424784820957
2014-07-23,0.006529666895438324
2014-07-24,-0.008857788481448692
2014-07-25,0.012242410079335908
2014-07-28,-0.007674751316307571
2014-07-29,0.0016671560677156139
2014-07-30,-0.011354849999574812
2014-07-31,-0.004602088664516946
2014-08-01,-0.011261963146904308
2014-08-04,0.004974000884825136
2014-08-05,-0.007637486423723416
2014-08-06,-0.00011014108473039741
2014-08-07,0.007591852428649015
2014-08-08,-0.003776399865601854
2014-08-11,-0.0029327085045043333
2014-08-12,-0.015436727957415353
2014-08-13,0.011314022106384547
2014-08-14,-0.02122760833667714
2014-08-15,0.01409728223746265
2014-08-18,-0.018244013720931096
2014-08-19,-0.00014827694244357037
2014-08-20,0.006069371897962195
2014-08-21,0.0032903243590982623
2014-08-22,-0.0028839365074267986
2014-08-25,0.0033756847814189195
2014-08-26,-0.001437773807013043
2014-08-27,0.0021112335225731416
2014-08-28,-0.0024114036569498065
2014-08-29,0.0067528070171751775
2014-09-01,-0.0036744875220112716
2014-09-02,-0.022385010638192204
2014-09-03,0.0219771038872828
2014-09-04,-0.009082100274411586
2014-09-05,-0.008704719463493493
2014-09-08,-0.006088532992552742
2014-09-09,-0.009930644499551389
2014-09-10,-0.010602137451604765
2014-09-11,-5.4919697053845695e-05
2014-09-12,-0.009244160052786832
2014-09-15,-0.004330677129153582
2014-09-16,0.02175998683580127
2014-09-17,-0.0005999942655111612
2014-09-18,-0.011010248716607496
2014-09-19,0.0061858754040972075
2014-09-22,-0.013356262789696371
2014-09-23,-0.0010654081026268969
2014-09-24,0.0005001528512647013
2014-09-25,0.00043698442967421425
2014-09-26,3.423540370040001e-05
2014-09-29,0.0018550980714162613
2014-09-30,-0.023263437986440816
2014-10-01,-0.004919298502011449
2014-10-02,-0.007592675069635568
2014-10-03,-0.010445070850864657
2014-10-06,0.004081847959595208
2014-10-07,-0.006523021542037544
2014-10-08,-0.006657265356823983
2014-10-09,-0.012517509004782768
2014-10-10,0.0011148997041082742
2014-10-13,-0.012512272572487215
2014-10-14,-0.03553650029298794
2014-10-15,-0.01240513357120665
2014-10-16,0.00510689152468613
2014-10-17,0.015270624288921897
2014-10-20,-0.006608463361501116
2014-10-21,0.00794645325346166
2014-10-22,-0.014023973912676735
2014-10-23,0.019578441837054927
2014-10-24,-0.006638493690539149
2014-10-27,-0.0022319790909234305
2014-10-28,0.001606710809102574
2014-10-29,0.0099686058906302
2014-10-30,-0.007920337837538427
2014-10-31,-0.0032834900799610933
2014-11-03,-0.010234743813658853
2014-11-04,-0.018269093239452805
2014-11-05,0.0006681316787867653
2014-11-06,-0.0013753634901502165
2014-11-07,0.004905239723390964
2014-11-10,-0.009630637399704378
2014-11-11,-0.006132041248872233
2014-11-12,-0.012248656373097688
2014-11-13,-0.02297756988534505
2014-11-14,0.013069369047747692
2014-11-17,-0.001458725733462951
2014-11-18,-0.007315534732602935
2014-11-19,-0.003527916747042781
2014-11-20,0.011038762836190652
2014-11-21,0.009511380539860559
2014-11-24,-0.005791173423078111
2014-11-25,-0.01220608762969011
2014-11-26,-0.005683870114740808
2014-11-27,-0.04803555075421395
2014-11-28,-0.023109104611284015
2014-12-01,0.020244583550911077
2014-12-02,-0.01883693626493982
2014-12-03,-0.005245084645872533
2014-12-04,-0.003219340570380258
2014-12-05,-0.005455111602197027
2014-12-08,-0.02665102751473647
2014-12-09,0.0054974828700325995
2014-12-10,-0.02468255591759727
2014-12-11,-0.005258386977264606
2014-12-12,-0.017650529034996032
2014-12-15,-0.007635922922409444
2014-12-16,-0.011657182860259296
2014-12-17,0.011788716218156414
2014-12-18,-0.017775724590168296
2014-12-19,0.01958496856551617
2014-12-22,-0.012000413771658835
2014-12-23,0.015004748474695517
2014-12-24,-0.01353295667519322
2014-12-26,-0.006980365325260529
2014-12-29,-0.01495374354602802
2014-12-30,-0.00021764186863998392
2014-12-31,-0.0056937725278137785
2015-01-02,-0.008433462556096505
2015-01-05,-0.03072975589374055
2015-01-06,-0.019130244714745448
2015-01-07,-0.0007126557043823367
2015-01-08,-0.0023190118156783956
2015-01-09,-0.007830185772435994
2015-01-12,-0.024815748343596233
2015-01-13,-0.008274154569445413
2015-01-14,0.01846646409323688
2015-01-15,-0.009394010608364589
2015-01-16,0.023497367410495074
2015-01-19,-0.01225409467746108
2015-01-20,-0.007255613018621154
2015-01-21,0.009096022991206432
2015-01-22,-0.004821316947893839
2015-01-23,0.0027260304048161155
2015-01-26,-0.005914388043642638
2015-01-27,0.013260543780442002
2015-01-28,-0.010419999786663858
2015-01-29,0.006360877244006691
2015-01-30,0.03527690624730562
2015-02-02,0.016819094188555372
2015-02-03,0.030386711218294782
2015-02-04,-0.033657253713883895
2015-02-05,0.02266773951251505
2015-02-06,0.010515605310300824
2015-02-09,0.005797953421048718
2015-02-10,-0.017166666140927767
2015-02-11,-0.01634949922248391
2015-02-12,0.021252298811864967
2015-02-13,0.040901163615996494
2015-02-16,7.961319778260201e-05
2015-02-17,0.011667613165245838
2015-02-18,-0.018315878586598222
2015-02-19,-0.002844913615740574
2015-02-20,-0.0005167064777912844
2015-02-23,-0.012239665179947679
2015-02-24,-0.002353520232041162
2015-02-25,0.02693049185959262
2015-02-26,-0.014279088118020478
2015-02-27,0.023960179736570664
2015-03-02,-0.028149792990659284
2015-03-03,0.014006964400290367
2015-03-04,-0.005031442498003913
2015-03-05,-0.00027275596796699775
2015-03-06,-0.00704537343109729
2015-03-09,-0.01114847632805005
2015-03-10,-0.020045198882004567
2015-03-11,0.010001586905676818
2015-03-12,-0.00471841916903093
2015-03-13,-0.02190322907328862
2015-03-16,-0.011721765822764185
2015-03-17,-0.0001835953906759169
2015-03-18,0.02174470352204383
2015-03-19,-0.01333356170343708
2015-03-20,0.008713706742090765
2015-03-23,0.005197723034913393
2015-03-24,-0.0071331209802444895
2015-03-25,0.012690709997984218
2015-03-26,0.024863454685270292
2015-03-27,-0.02489150823595304
2015-03-30,-0.0006386061357528949
2015-03-31,-0.011670433697238913
2015-04-01,0.018149494675891442
2015-04-02,-0.01990407652321957
2015-04-06,0.02950620996291825
2015-04-07,0.008757936955382184
2015-04-08,-0.031656045340884564
2015-04-09,0.00927214066064741
2015-04-10,0.011061898504628631
2015-04-13,0.000989684117782108
2015-04-14,0.004981084038431949
2015-04-15,0.01746835106750355
2015-04-16,0.034040529938338615
2015-04-17,-0.003927706441657575
2015-04-20,0.000989379689618597
2015-04-21,-0.01276114033934056
2015-04-22,0.0058294696732953954
2015-04-23,0.019192303216071016
2015-04-24,0.004380712161691669
2015-04-27,-0.0034863264018428763
2015-04-28,-0.0016758095194580047
2015-04-29,0.010894489288827525
2015-04-30,0.00873125113569817
2015-05-01,-0.0024964306851451012
2015-05-04,0.00014152307592335545
2015-05-05,0.009755339456248124
2015-05-06,0.0024176313368132196
2015-05-07,-0.020190138929617296
2015-05-08,-0.0015580688690691735
2015-05-11,-0.005073504653179073
2015-05-12,0.01785094222702438
2015-05-13,-0.00037987786811999324
2015-05-14,-0.001471763026026529
2015-05-15,0.001985949245191909
2015-05-18,-0.0050085409569324835
2015-05-19,-0.02070599139867846
2015-05-20,0.008889846892225106
2015-05-21,0.013366041797817974
2015-05-22,-0.010310476445310579
2015-05-25,0.001682492293141269
2015-05-26,-0.016885405344403193
2015-05-27,-0.015436520465538117
2015-05-28,0.0040848731011965955
2015-05-29,0.027010020634691045
2015-06-01,-0.00577675276485784
2015-06-02,0.006392161913940986
2015-06-03,-0.01568120895342101
2015-06-04,-0.016304868051810584
2015-06-05,0.01109903773520815
2015-06-08,-0.0060705107364315
2015-06-09,0.02045392402358953
2015-06-10,0.007614185823012987
2015-06-11,-0.0047112456834731975
2015-06-12,-0.011243773268727553
2015-06-15,-0.01190442571205197
2015-06-16,0.009536199992051353
2015-06-17,0.0013254326234494185
2015-06-18,0.003920782166328074
2015-06-19,-0.011320521574140707
2015-06-22,0.0029184509285710702
2015-06-23,0.009896779429771685
2015-06-24,-0.008620033011217165
2015-06-25,-0.0024583490116273365
2015-06-26,0.00024479700100227264
2015-06-29,-0.01158121410798335
2015-06-30,0.014419659863955103
2015-07-01,-0.014723729227574756
2015-07-02,0.0008283981280060582
2015-07-03,-0.01655273054472345
2015-07-06,-0.03496891498126359
2015-07-07,0.001929560630542393
2015-07-08,0.0007924373177166655
2015-07-09,0.014469187083491208
2015-07-10,0.0013360315827747327
2015-07-13,-0.007639058186872216
2015-07-14,0.006010626202488711
2015-07-15,-0.013616034136524513
2015-07-16,0.004259770582782707
2015-07-17,-0.004140486654719777
2015-07-20,-0.00405575120532764
2015-07-21,0.0034217734375834863
2015-07-22,-0.00846087525749295
2015-07-23,-0.007905246139300215
2015-07-24,-0.0063392974623593945
2015-07-27,-0.010903446184207244
2015-07-28,-0.0018793481998873318
2015-07-29,0.0003878447407015262
2015-07-30,-0.0006840385959741013
2015-07-31,-0.01010915198560175
2015-08-03,-0.024901334679206022
2015-08-04,0.003710167561842781
2015-08-05,-0.004399724585340048
2015-08-06,-0.0005543001769747202
2015-08-07,-0.008497937005481848
2015-08-10,0.016445246909699007
2015-08-11,-0.011380390376454108
2015-08-12,0.00479615002744771
2015-08-13,-0.004348473664471886
2015-08-14,-0.001660367470695534
2015-08-17,-0.002816405500938979
2015-08-18,0.0005574398364771582
2015-08-19,-0.015261643255349733
2015-08-20,-0.005134354350996795
2015-08-21,-0.011209530875719576
2015-08-24,-0.025779001040458382
2015-08-25,0.00414423409050807
2015-08-26,-0.0013797833339981302
2015-08-27,0.04082224578745375
2015-08-28,0.023391329587157617
2015-08-31,0.03928033275779924
2015-09-01,-0.041074349022297174
2015-09-02,0.009313529470994064
2015-09-03,0.0004466732983311461
2015-09-04,-0.009558719382125325
2015-09-07,-0.018291614046782312
2015-09-08,0.01686756596147926
2015-09-09,-0.018211634910118513
2015-09-10,0.012381829152914858
2015-09-11,-0.007312366780111934
2015-09-14,-0.015999311204454303
2015-09-15,0.001980403797207264
2015-09-16,0.028238002285719155
2015-09-17,-0.005743564402662604
2015-09-18,-0.013999192817537087
2015-09-21,0.012973797436908685
2015-09-22,0.0011733350143942611
2015-09-23,-0.011807844191989325
2015-09-24,0.0037628888175626485
2015-09-25,0.0036235369222681335
2015-09-28,-0.011428505744858597
2015-09-29,0.008173880087247287
2015-09-30,0.0010269746135717628
2015-10-01,-0.005988005143874209
2015-10-02,0.004013847785157454
2015-10-05,0.010162662713792736
2015-10-06,0.024825496176460404
2015-10-07,-0.004811135662105892
2015-10-08,0.016529692005057772
2015-10-09,-0.0036584390664615163
2015-10-12,-0.0252306910054671
2015-10-13,-0.006132667734571218
2015-10-14,-0.0016969402598241978
2015-10-15,-0.004237384132021682
2015-10-16,0.016031827446590707
2015-10-19,-0.0169577180743391
2015-10-20,0.001215095816161027
2015-10-21,-0.008434176443719965
2015-10-22,0.0020494682097926264
2015-10-23,-0.001049043642080194
2015-10-26,-0.004085898694292045
2015-10-27,-0.006794876401901295
2015-10-28,0.02040618602617078
2015-10-29,-0.0022598797666540382
2015-10-30,0.007608767934775662
2015-11-02,-0.007073701507212982
2015-11-03,0.016238487172624216
2015-11-04,-0.018064687941176272
2015-11-05,-0.005239898242976215
2015-11-06,-0.005782728783497448
2015-11-09,-0.002351346169143509
2015-11-10,0.0021148336554611125
2015-11-11,-0.015040268169780102
2015-11-12,-0.01621722774325579
2015-11-13,-0.004804225653392252
2015-11-16,0.008192029615115198
2015-11-17,-0.009134626792099754
2015-11-18,0.005407784289007983
2015-11-19,0.00014819549754307992
2015-11-20,0.0045856282999676146
2015-11-23,0.0016297380121784721
2015-11-24,0.012029496877746848
2015-11-25,0.0006530042655226165
2015-11-26,-0.0061595754574771955
2015-11-27,-0.0055873086735895305
2015-11-30,-0.0025714067725972622
2015-12-01,-0.0017644840679151008
2015-12-02,-0.018038153434460025
2015-12-03,0.012158678871600603
2015-12-04,-0.008139111267339155
2015-12-07,-0.02059983797739906
2015-12-08,-0.004820058114986786
2015-12-09,-0.002083436220639945
2015-12-10,-0.003648879966847679
2015-12-11,-0.016652382840747354
2015-12-14,-0.00040198662172169497
2015-12-15,0.004361233597091035
2015-12-16,-0.01154052926592622
2015-12-17,-0.0011854129553781345
2015-12-18,-0.0020322067959389067
2015-12-21,-0.0049354014789714795
2015-12-22,-0.0023197039668912123
2015-12-23,0.011326177144986738
2015-12-24,0.004948926793626657
2015-12-28,-0.011271579265225096
2015-12-29,0.01077849525319377
2015-12-30,-0.01247429398476585
2015-12-31,0.00773379899040505
2016-01-04,-0.0008416731509357234
2016-01-05,-0.007134865985257782
2016-01-06,-0.020263023816328246
2016-01-07,-0.004891699997390975
2016-01-08,-0.002521826689150408
2016-01-11,-0.01856759277665143
2016-01-12,-0.006631387478780684
2016-01-13,-0.0057122040031518245
2016-01-14,0.006367658371232002
2016-01-15,-0.01931322221877181
2016-01-18,-0.003616702690888332
2016-01-19,0.0012904620284445029
2016-01-20,-0.008187677189795184
2016-01-21,0.012571155699284603
2016-01-22,0.026868250197068497
2016-01-25,-0.014742679804747097
2016-01-26,0.012616794041641108
2016-01-27,0.011628930368991416
2016-01-28,0.007788725724523715
2016-01-29,0.00828398545695197
2016-02-01,-0.004280644978884529
2016-02-02,-0.013802206756775764
2016-02-03,0.021039919266727408
2016-02-04,-0.005514552763881769
2016-02-05,-0.0030816606417617687
2016-02-08,-0.011071414899909121
2016-02-09,-0.023808313612856694
2016-02-10,0.004161963255055828
2016-02-11,-0.007854363150570948
2016-02-12,0.030434602042908196
2016-02-15,0.00042129047944461373
2016-02-16,-0.01018787961588083
2016-02-17,0.02122639386560278
2016-02-18,-0.002112346469835713
2016-02-19,-0.011048808060153292
2016-02-22,0.015257592520652757
2016-02-23,-0.01324566968590099
2016-02-24,0.010815096527797108
2016-02-25,0.007819922897018827
2016-02-26,-0.0013238207024778847
2016-02-29,0.00823825721537419
2016-03-01,0.0077740002054102475
2016-03-02,0.0014475545203914697
2016-03-03,0.0015426055166256336
2016-03-04,0.015236397579785843
2016-03-07,0.019736626812380836
2016-03-08,-0.01024305121440186
2016-03-09,0.013543931780734708
2016-03-10,-0.009570248175272161
2016-03-11,0.0034221983884292484
2016-03-14,-0.008169571879031279
2016-03-15,-0.007269714982062053
2016-03-16,0.014299506195532802
2016-03-17,0.011087962473896817
2016-03-18,-0.002538611657745743
2016-03-21,0.0034379965522536027
2016-03-22,0.002241538238294677
2016-03-23,-0.012023765434052147
2016-03-24,-0.00035194870691468427
2016-03-28,-0.0019461870551625016
2016-03-29,-0.010427953857642419
2016-03-30,0.0009295265234195715
2016-03-31,0.0028189757412067362
2016-04-01,-0.008487233687833023
2016-04-04,-0.00902626916494867
2016-04-05,0.0012807758018129889
2016-04-06,0.01787095416007542
2016-04-07,-0.003501945991994576
2016-04-08,0.02362030443087157
2016-04-11,0.008354368458691697
2016-04-12,0.017937724467567834
2016-04-13,-0.004231206433800122
2016-04-14,-0.0026533984996135462
2016-04-15,-0.006994956487805348
2016-04-18,-0.0019288096583947312
2016-04-19,0.010075095348060337
2016-04-20,0.01636152278678621
2016-04-21,-0.011170303471396303
2016-04-22,0.005703473213547472
2016-04-25,-0.006097497069726343
2016-04-26,0.01169266263776464
2016-04-27,0.013213827028836556
2016-04-28,0.009357562351985704
2016-04-29,0.00042776160645463523
2016-05-02,-0.020894969059537194
2016-05-03,-0.0081751228990678
2016-05-04,-0.0039763712936576046
2016-05-05,0.003304019937834274
2016-05-06,0.0032566839778383483
2016-05-09,-0.015862775926600292
2016-05-10,0.017304069886613954
2016-05-11,0.018856664640778814
2016-05-12,0.005191695712890798
2016-05-13,-0.001651427724200849
2016-05-16,0.010601998747753971
2016-05-17,0.00290892324445835
2016-05-18,-0.00286011401958447
2016-05-19,-0.0010547477773124037
2016-05-20,-0.0009420277577499858
2016-05-23,-0.0034498640713339634
2016-05-24,0.0023258873818932657
2016-05-25,0.010323408202538575
2016-05-26,-0.0011798575880595519
2016-05-27,-0.0021780564537329794
2016-05-30,0.003976564278675154
2016-05-31,-0.0006724728152744386
2016-06-01,0.00039435578529090076
2016-06-02,0.002928533380330056
2016-06-03,-0.003637204015529194
2016-06-06,0.008422513294004397
2016-06-07,0.008178497118666306
2016-06-08,0.010208272330431034
2016-06-09,-0.004779650777602673
2016-06-10,-0.012733454385038312
2016-06-13,-0.002066685261813639
2016-06-14,-0.005211198560412744
2016-06-15,-0.008027848540781757
2016-06-16,-0.016627931032694443
2016-06-17,0.017778420684926743
2016-06-20,0.01333293922780543
2016-06-21,0.00045648302542888874
2016-06-22,-0.0063901934451777165
2016-06-23,0.009388721071914574
2016-06-24,-0.023106611758092144
2016-06-27,-0.011489013641987789
2016-06-28,0.012213604092948638
2016-06-29,0.018484352040547103
2016-06-30,-0.007925994825640215
2016-07-01,0.006644292312518341
2016-07-04,-0.002492564576659806
2016-07-05,-0.019532245700054462
2016-07-06,0.007420562549745546
2016-07-07,-0.02260854864255568
2016-07-08,0.003285946235057624
2016-07-11,-0.005341353235693513
2016-07-12,0.02047874909558961
2016-07-13,-0.020238660827455512
2016-07-14,0.010605438920867266
2016-07-15,0.0016997634338428713
2016-07-18,-0.005637688389085016
2016-07-19,-0.0027650115766951755
2016-07-20,0.0044742340991105745
2016-07-21,-0.008956727130092657
2016-07-22,-0.004656215911315653
2016-07-25,-0.009262625825894932
2016-07-26,0.0011261064874768523
2016-07-27,-0.01314655930816308
2016-07-28,-0.007200395978226443
2016-07-29,-0.002696043115869823
2016-08-01,-0.003192651628183857
2016-08-02,-0.0032338213220627354
2016-08-03,0.011835364181735614
2016-08-04,0.01100041372206248
2016-08-05,0.0003213064467947335
2016-08-08,0.010647029025823596
2016-08-09,-0.003654199453785645
2016-08-10,-0.008284517408146647
2016-08-11,0.018094337536472688
2016-08-12,0.008515454330870226
2016-08-15,0.013375357930772325
2016-08-16,0.008520005841504141
2016-08-17,0.006200070196785756
2016-08-18,0.009893399638121303
2016-08-19,0.00020176929698001445
2016-08-22,-0.015533807083145168
2016-08-23,0.007168085955440218
2016-08-24,-0.008778927719370389
2016-08-25,0.005833939546542877
2016-08-26,0.0021095127035099526
2016-08-29,-0.005868994420959783
2016-08-30,-0.008193544407314401
2016-08-31,-0.012529652659037882
2016-09-01,-0.015037704966577359
2016-09-02,0.012142671750885708
2016-09-05,0.007061719277745682
2016-09-06,-0.0029206935870089157
2016-09-07,0.006814649620060065
2016-09-08,0.01847419664596578
2016-09-09,-0.01779283718835112
2016-09-12,0.0032078749932080153
2016-09-13,-0.011761353786402862
2016-09-14,-0.011552303811030173
2016-09-15,0.006321694104544806
2016-09-16,-0.007822627926584946
2016-09-19,0.0017771026546578306
2016-09-20,-0.000859091882538604
2016-09-21,0.008787422436107833
2016-09-22,0.0076332395814965315
2016-09-23,-0.015835027141295865
2016-09-26,0.013475962974040634
2016-09-27,-0.013042475783944019
2016-09-28,0.02529864285576222
2016-09-29,0.004970609323855457
2016-09-30,-0.0008159780983326148
2016-10-03,0.0169805406678068
2016-10-04,-3.121744389256165e-05
2016-10-05,0.009633885812569742
2016-10-06,0.006087375780429005
2016-10-07,-0.004981996483124862
2016-10-10,0.011258109792264603
2016-10-11,-0.00674982193788165
2016-10-12,-0.005257204114177461
2016-10-13,0.001748680091795296
2016-10-14,-0.0008836323650431854
2016-10-17,-0.003903569269103069
2016-10-18,0.0014016631965265702
2016-10-19,0.00900650605860992
2016-10-20,-0.011716553721147271
2016-10-21,0.0038210740286093725
2016-10-24,-0.0032701365421573536
2016-10-25,-0.006087737660028958
2016-10-26,-0.007621656651911779
2016-10-27,0.004227454602972303
2016-10-28,-0.007172264009640883
2016-10-31,-0.012921965807973612
2016-11-01,-0.0018478690799221265
2016-11-02,-0.0122027851281441
2016-11-03,-0.004882800360961725
2016-11-04,-0.00751066737074646
2016-11-07,0.005014072090543692
2016-11-08,-0.0011693545804942473
2016-11-09,0.003096253269319671
2016-11-10,-0.0047817777411273965
2016-11-11,-0.00999862317782188
2016-11-14,-0.0032159805696403976
2016-11-15,0.022845710267359043
2016-11-16,-0.002755406939692784
2016-11-17,-0.0006023111392983171
2016-11-18,0.00329811119299378
2016-11-21,0.018777108797461417
2016-11-22,0.00235874386273377
2016-11-23,-0.0009556230852009184
2016-11-24,0.000504232311679842
2016-11-25,-0.01624192280596931
2016-11-28,0.009021580607963042
2016-11-29,-0.017511717977946428
2016-11-30,0.03772252835155682
2016-12-01,0.03186142043831902
2016-12-02,0.006345425178939101
2016-12-05,0.005470096107600131
2016-12-06,-0.009093303935267638
2016-12-07,-0.008534902849468118
2016-12-08,0.007798185990108508
2016-12-09,0.0038826789488857205
2016-12-12,0.012821393789948232
2016-12-13,0.0005541013796617755
2016-12-14,-0.016358045578362568
2016-12-15,0.0009097462681958435
2016-12-16,0.010444577256721321
2016-12-19,-0.0025018060137776965
2016-12-20,0.004266199989985453
2016-12-21,-0.00822648970733525
2016-12-22,0.005454053176344564
2016-12-23,0.00082335018871732
2016-12-27,0.008740917523661795
2016-12-28,0.0013319079052555582
2016-12-29,-0.0004553429144325549
2016-12-30,0.0062869366689838335
2017-01-03,-0.012372175566554233
2017-01-04,0.009155837464595973
2017-01-05,0.0036814817609231443
2017-01-06,0.0022644811142012444
2017-01-09,-0.019733696062011474
2017-01-10,-0.012146154579118495
2017-01-11,0.012673582845184495
2017-01-12,0.008166166003688025
2017-01-13,-0.004634220018115531
2017-01-16,0.003971741220392122
2017-01-17,-0.0037041458118721726
2017-01-18,-0.014192094133832378
2017-01-19,0.0019240423462914547
2017-01-20,0.011823878380923192
2017-01-23,-0.0021756707441621392
2017-01-24,0.0022848107097482306
2017-01-25,-0.0033644222041129823
2017-01-26,0.010696433225380664
2017-01-27,-0.006600339026441804
2017-01-30,-0.0024172136155187207
2017-01-31,0.004087141650841286
2017-02-01,0.010093671291787065
2017-02-02,-0.001951392024199583
2017-02-03,0.00258930478397007
2017-02-06,-0.010073045722397533
2017-02-07,-0.006216729358647977
2017-02-08,0.00025714091758355373
2017-02-09,0.004509836896594954
2017-02-10,0.009925163347582089
2017-02-13,-0.009950646465510915
2017-02-14,0.0036800244679179306
2017-02-15,-0.0023004143757843765
2017-02-16,-0.0008360932126948994
2017-02-17,0.0013984177136877052
2017-02-20,0.0033946540202467457
2017-02-21,0.004505028104927922
2017-02-22,-0.007387544306902416
2017-02-23,0.00685677768099241
2017-02-24,-0.005582544291512559
2017-02-27,-0.00040613174765063986
2017-02-28,-0.0033050512954675426
2017-03-01,0.007031805124107671
2017-03-02,-0.011792340777237897
2017-03-03,0.00762478492706703
2017-03-06,0.0007373089517735965
2017-03-07,-0.0005811306575336239
2017-03-08,-0.0258414014379873
2017-03-09,-0.008807246956193115
2017-03-10,-0.008455005205462107
2017-03-13,-0.0005392587006219918
2017-03-14,-0.004194825548191672
2017-03-15,0.008137675037771352
2017-03-16,-0.0006680430520924485
2017-03-17,0.0004312416493897353
2017-03-20,-0.0013063619085669775
2017-03-21,-0.006084460761688837
2017-03-22,-0.003059075586174076
2017-03-23,-0.0009611458122488759
2017-03-24,0.0021083112742819043
2017-03-27,-0.00045630274649932634
2017-03-28,0.005401416295551631
2017-03-29,0.010082680502373875
2017-03-30,0.005258020942868646
2017-03-31,-0.000823895181758294
2017-04-03,0.002809308128473409
2017-04-04,0.009659210003007679
2017-04-05,0.0019491148755054755
2017-04-06,0.005200097600380704
2017-04-07,0.003334994174823913
2017-04-10,0.007001803568545295
2017-04-11,0.002483906585149076
2017-04-12,-0.003165493518037521
2017-04-13,0.0003064079260600705
2017-04-17,-0.004980702079920629
2017-04-18,-0.004376428284154299
2017-04-19,-0.018243924853993232
2017-04-20,0.00019862543492416007
2017-04-21,-0.010034816890708065
2017-04-24,-0.0034112632004671406
2017-04-25,0.004266623235574474
2017-04-26,-0.0026243668879380455
2017-04-27,-0.0033854983275542483
2017-04-28,0.0025464514510669667
2017-05-01,-0.0020092854161995466
2017-05-02,-0.009696472013322632
2017-05-03,0.0028586980614142554
2017-05-04,-0.022448140654973858
2017-05-05,0.006452106301102267
2017-05-08,0.0015988966667445093
2017-05-09,-0.005381268348432611
2017-05-10,0.013714376297714825
2017-05-11,0.005053809949894406
2017-05-12,0.001132594618643401
2017-05-15,0.009185182439242656
2017-05-16,-0.001435126228883421
2017-05-17,0.0054159429695948
2017-05-18,0.002775012583553671
2017-05-19,0.010318204650757223
2017-05-22,0.002601835968788324
2017-05-23,0.002921275855603811
2017-05-24,-0.0016429658879776876
2017-05-25,-0.02295066929647549
2017-05-26,0.0060169569681485235
2017-05-29,0.0006493738941457661
2017-05-30,-0.003928415837270216
2017-05-31,-0.01409207414591318
2017-06-01,0.0026453958642488895
2017-06-02,-0.006661224727286363
2017-06-05,-0.004402138780385756
2017-06-06,0.005734072481333119
2017-06-07,-0.01902487103908934
2017-06-08,-0.0018846718416213326
2017-06-09,0.002056591185463974
2017-06-12,0.0012636373601809248
2017-06-13,0.004056386337833395
2017-06-14,-0.015742503633238536
2017-06-15,-0.0008052562623004911
2017-06-16,0.0036400245475224358
2017-06-19,-0.004206428508930382
2017-06-20,-0.008113902579328258
2017-06-21,-0.011275850341159493
2017-06-22,0.0032925099510718037
2017-06-23,0.002646122360989156
2017-06-26,0.002819467870336878
2017-06-27,0.007671245429922924
2017-06-28,0.006249238371233257
2017-06-29,0.0013210830803982998
2017-06-30,0.0048033102309155695
2017-07-03,0.016286173483144317
2017-07-04,-0.0003044111643082381
2017-07-05,-0.01625461702531722
2017-07-06,0.002721869499500429
2017-07-07,-0.013371092667133211
2017-07-10,0.0014999425267148148
2017-07-11,0.005508366226367245
2017-07-12,0.002145049787723119
2017-07-13,0.006466564187119106
2017-07-14,0.004648886861022772
2017-07-17,-0.004260336879504667
2017-07-18,0.003951270038725252
2017-07-19,0.007821858245024182
2017-07-20,-0.0034651459200782386
2017-07-21,-0.01121108837225221
2017-07-24,0.004716967207833989
2017-07-25,0.014431249830604842
2017-07-26,0.007420422283910211
2017-07-27,0.005330425277282558
2017-07-28,0.009758675078551882
2017-07-31,0.0014605434888123603
2017-08-01,-0.007697746863638721
2017-08-02,0.005278299044003065
2017-08-03,-0.00340581512149829
2017-08-04,0.003900655715376067
2017-08-07,-0.0005146667237049263
2017-08-08,-0.002005010040740385
2017-08-09,0.005114146455144464
2017-08-10,-0.007366429538409047
2017-08-11,0.0019118443631123139
2017-08-14,-0.012816153010370535
2017-08-15,0.0005485273984449646
2017-08-16,-0.0052627326057632096
2017-08-17,0.0069557863901899
2017-08-18,0.015487588225207793
2017-08-21,-0.009349568123184271
2017-08-22,0.002298582161332774
2017-08-23,0.006162476209601198
2017-08-24,-0.004739686860234016
2017-08-25,0.003546773125469138
2017-08-28,-0.004896521783146979
2017-08-29,0.0010603405171562552
2017-08-30,-0.010629098133936643
2017-08-31,0.0138940409958892
2017-09-01,0.0032486210087681044
2017-09-04,-0.0032967737496977234
2017-09-05,0.009632223669712725
2017-09-06,0.007545883862437208
2017-09-07,0.0030586822910728673
2017-09-08,-0.006267419507088312
2017-09-11,0.0005560023821397642
2017-09-12,0.0037609505872883697
2017-09-13,0.00825666572953182
2017-09-14,0.0030758149681670566
2017-09-15,0.00167019405867741
2017-09-18,-0.0011829699868568522
2017-09-19,-0.00310197890071906
2017-09-20,0.010506354146335106
2017-09-21,0.0013195982864445122
2017-09-22,0.004302775421139493
2017-09-25,0.019968494986181584
2017-09-26,-0.004973753475368603
2017-09-27,-0.0044160416585127815
2017-09-28,-0.004736387048470958
2017-09-29,0.000987055105793222
2017-10-02,-0.013195351336394545
2017-10-03,-0.001225847505709865
2017-10-04,-0.002261006835803825
2017-10-05,0.010987916835014211
2017-10-06,-0.012624582100306148
2017-10-09,0.0017542957928193825
2017-10-10,0.007170792017289929
2017-10-11,0.003177582843368554
2017-10-12,-0.006078873786382943
2017-10-13,0.00848502097988324
2017-10-16,0.005887601780187657
2017-10-17,0.000888422590569482
2017-10-18,0.002677970637862792
2017-10-19,-0.008420204682051902
2017-10-20,0.00476059144706753
2017-10-23,-0.003702958649260235
2017-10-24,0.008942240566114978
2017-10-25,0.001010797421262255
2017-10-26,0.00820265153562083
2017-10-27,0.010619992470643325
2017-10-30,0.0046075169048178655
2017-10-31,0.004703812322614409
2017-11-01,-0.007915108442307861
2017-11-02,0.0012328520489277017
2017-11-03,0.013108008418938222
2017-11-06,0.020447729031754125
2017-11-07,-0.004677056154376136
2017-11-08,-0.001275267389138579
2017-11-09,0.003861189451431879
2017-11-10,-0.0037817322019000343
2017-11-13,-0.0032331332778885447
2017-11-14,-0.008901352579462563
2017-11-15,-0.003338578623839905
2017-11-16,-0.0050041269253797704
2017-11-17,0.01236287540547265
2017-11-20,-0.0045961213881989815
2017-11-21,0.003555136415664184
2017-11-22,0.006798748322681958
2017-11-23,0.002300946374736379
2017-11-24,0.003093765891208189
2017-11-27,-8.355239381879764e-05
2017-11-28,-0.002030308627972488
2017-11-29,-0.004633356137808908
2017-11-30,0.004112028329073869
2017-12-01,0.0013807557274242432
2017-12-04,-0.011631284855547153
2017-12-05,0.003676435671619682
2017-12-06,-0.015415257073859767
2017-12-07,0.008954048136461945
2017-12-08,0.010684256498124989
2017-12-11,0.012287807856814714
2017-12-12,-0.011937313705364883
2017-12-13,-0.008064704214149454
2017-12-14,0.007520050346226825
2017-12-15,-0.0008969704114613064
2017-12-18,0.0018970130684196618
2017-12-19,0.003586695515516658
2017-12-20,0.007090074662323975
2017-12-21,0.003325948652749877
2017-12-22,0.0034770736281353187
2017-12-26,0.01642735036333942
2017-12-27,-0.005040240370377758
2017-12-28,0.0030193935685180473
2017-12-29,0.0012456893194088825
2018-01-02,-0.0026641834546490273
2018-01-03,0.01169837112027905
2018-01-04,0.0021728113746304345
2018-01-05,-0.0037521925369787823
2018-01-08,0.0014882436619733097
2018-01-09,0.009460969361106297
2018-01-10,0.003659487380493931
2018-01-11,0.0008926407070780629
2018-01-12,0.005729930237673098
2018-01-15,0.0036748407548046758
2018-01-16,-0.009997959512083876
2018-01-17,0.002104625349211353
2018-01-18,-0.0009365910631281005
2018-01-19,-0.006384630896065557
2018-01-22,0.003767371492412963
2018-01-23,0.008405964062517368
2018-01-24,0.00547042344918669
2018-01-25,-0.0006823063925636697
2018-01-26,0.0010714028321359148
2018-01-29,-0.00977644142313866
2018-01-30,-0.004139463799164522
2018-01-31,-7.672539199016226e-05
2018-02-01,0.0053996111493189725
2018-02-02,-0.009772515125676673
2018-02-05,-0.008783341558436852
2018-02-06,-0.007408733530988976
2018-02-07,-0.012785157324971097
2018-02-08,-0.006811253904294434
2018-02-09,-0.019056779264696344
2018-02-12,-0.002266976994390879
2018-02-13,0.0005954326430571699
2018-02-14,0.015051562162587129
2018-02-15,-5.566636967668792e-05
2018-02-16,0.0051604784137269655
2018-02-19,0.007687585704519551
2018-02-20,-0.0036267896346581785
2018-02-21,0.0017555329848306656
2018-02-22,0.00882641083753788
2018-02-23,0.00862462009214826
2018-02-26,0.0021294118239166826
2018-02-27,-0.007722559134035967
2018-02-28,-0.007866038861645774
2018-03-01,-0.018291745713568286
2018-03-02,0.004508728441343202
2018-03-05,0.010270173369278712
2018-03-06,0.0025863767711409302
2018-03-07,-0.012982473849831533
2018-03-08,-0.006809176970168973
2018-03-09,0.016806295467611587
2018-03-12,-0.004969216471594207
2018-03-13,-0.0023749038584008897
2018-03-14,0.0021116268176743502
2018-03-15,0.002056001975318855
2018-03-16,0.010129531610548026
2018-03-19,-0.001284959620551529
2018-03-20,0.012903706109486934
2018-03-21,0.01897512768086934
2018-03-22,-0.00453265528750918
2018-03-23,0.014698718159864677
2018-03-26,-0.0030256813418435002
2018-03-27,0.0003123053343108695
2018-03-28,-0.005433903811969787
2018-03-29,0.0067432036526997585
2018-04-02,-0.0242896704194005
2018-04-03,0.004336066869131017
2018-04-04,-0.0016202578601684503
2018-04-05,0.002979546811075706
2018-04-06,-0.0112227357903385
2018-04-09,0.014126481278707526
2018-04-10,0.021819743857754093
2018-04-11,0.010096138686502054
2018-04-12,0.00043052223747191976
2018-04-13,0.005441925253718782
2018-04-16,-0.0106253863654166
2018-04-17,0.0015034740640624822
2018-04-18,0.01717287955417518
2018-04-19,0.0030192489076429907
2018-04-20,0.0031549434110994534
2018-04-23,0.006099741193177244
2018-04-24,-0.007670454444681063
2018-04-25,0.001379811819472776
2018-04-26,0.006582975896289978
2018-04-27,-0.0007976111592534751
2018-04-30,0.005078886971119245
2018-05-01,-0.01874532935637152
2018-05-02,0.0020408447085381587
2018-05-03,0.0018342405839558151
2018-05-04,0.011599771437812045
2018-05-07,0.012179152790807612
2018-05-08,-0.011645755687895831
2018-05-09,0.021946114014178897
2018-05-10,0.0022784625549597814
2018-05-11,-0.0025161708303033103
2018-05-14,0.010251681992964778
2018-05-15,0.0018644968262832018
2018-05-16,0.008163641638023522
2018-05-17,0.00033633077426242775
2018-05-18,-0.007025295544531462
2018-05-21,0.006452223508785826
2018-05-22,0.0030743330564821925
2018-05-23,0.002359401908662573
2018-05-24,-0.009169936305524207
2018-05-25,-0.021676016768445105
2018-05-28,-0.011044289718034617
2018-05-29,2.772577636678264e-05
2018-05-30,0.019103601599394837
2018-05-31,0.0010898413445389332
2018-06-01,-0.0067485258294205375
2018-06-04,-0.013869381695958971
2018-06-05,0.0004315834500782101
2018-06-06,-0.0006037717950595489
2018-06-07,0.01806312732213111
2018-06-08,-0.00770210241147129
2018-06-11,0.000465467133756281
2018-06-12,-0.005584631144971985
2018-06-13,0.007850532516867958
2018-06-14,-0.0074331911035797615
2018-06-15,-0.02285264314028168
2018-06-18,0.016978870022871684
2018-06-19,-0.0028970030061958862
2018-06-20,-0.0026140109907871745
2018-06-21,-0.01566700409666988
2018-06-22,0.022723464173425745
2018-06-25,-0.007752077495275955
2018-06-26,0.015166752651619708
2018-06-27,0.011998636966172205
2018-06-28,0.0027158977789289995
2018-06-29,0.01503515329245042
2018-07-02,-0.01945275845227712
2018-07-03,0.0044502516514934864
2018-07-04,0.0038561344750780435
2018-07-05,-0.007637875371542369
2018-07-06,-0.0025345165612162823
2018-07-09,0.008560908047015037
2018-07-10,0.007298075938692139
2018-07-11,-0.04988981626530964
2018-07-12,0.009280455338698868
2018-07-13,0.006652413284821579
2018-07-16,-0.03172236216429891
2018-07-17,0.002807487443097334
2018-07-18,0.005846726547381165
2018-07-19,-0.0027708917883035866
2018-07-20,0.004686156100888961
2018-07-23,-0.00012898031427172052
2018-07-24,0.0036367363125925367
2018-07-25,0.004549479044429039
2018-07-26,0.005777965626190373
2018-07-27,-0.0020924387026219904
2018-07-30,0.0064054654223454355
2018-07-31,-0.0066224450425032
2018-08-01,-0.01700480213286759
2018-08-02,0.009342037345552223
2018-08-03,-0.002623402948832787
2018-08-06,0.005246965857440056
2018-08-07,0.008275042828188361
2018-08-08,-0.021557912918171773
2018-08-09,-0.0019397159281525633
2018-08-10,0.0061083989444445375
2018-08-13,-0.0018182723485367092
2018-08-14,-0.0011909126734882536
2018-08-15,-0.015720627877748528
2018-08-16,0.005933707777723507
2018-08-17,0.003269343899416133
2018-08-20,0.003734107305126466
2018-08-21,0.004022673013751199
2018-08-22,0.01994409897206595
2018-08-23,-9.968678628013983e-05
2018-08-24,0.010642600727654883
2018-08-27,0.003696946770865961
2018-08-28,-0.002037154243699324
2018-08-29,0.011035290022806676
2018-08-30,0.0058568807649500565
2018-08-31,-0.0028100418070073907
2018-09-03,0.006860217661619816
2018-09-04,0.00016535113581761518
2018-09-05,-0.008072100635212576
2018-09-06,-0.007181785736729451
2018-09-07,0.002693409756598819
2018-09-10,0.004786347625416076
2018-09-11,0.015709401063225936
2018-09-12,0.006602128296316456
2018-09-13,-0.013797884234186042
2018-09-14,-0.0008077965520804087
2018-09-17,-0.0008251468806291795
2018-09-18,0.008989534998789628
2018-09-19,0.003503446325091586
2018-09-20,-0.006120604204932212
2018-09-21,0.0009481940238669218
2018-09-24,0.021899899263280287
2018-09-25,0.006463344355243206
2018-09-26,-0.004115605500781383
2018-09-27,0.003630216813682474
2018-09-28,0.009094471066725562
2018-10-01,0.02102131611005298
2018-10-02,-0.0011177318129347302
2018-10-03,0.014341139533067149
2018-10-04,-0.01562373181770249
2018-10-05,-0.003629764602131602
2018-10-08,-0.002837797869620462
2018-10-09,0.009883956425906781
2018-10-10,-0.01752924395014166
2018-10-11,-0.025948022369717383
2018-10-12,0.0007013043093525573
2018-10-15,0.0024295517198044125
2018-10-16,0.005886238733685878
2018-10-17,-0.012346605191429383
2018-10-18,-0.006966369425399743
2018-10-19,0.00403535584875192
2018-10-22,0.00029719209214806863
2018-10-23,-0.031055134475884483
2018-10-24,-0.002849416369502422
2018-10-25,0.0056253901068636925
2018-10-26,0.0067218985412141885
2018-10-29,-0.0022892546917887557
2018-10-30,-0.012983662477456526
2018-10-31,-0.0042896661702797045
2018-11-01,-0.024204819275095213
2018-11-02,-0.0009665037995103543
2018-11-05,0.002383444449741756
2018-11-06,-0.009551228714558768
2018-11-07,-0.000571000913915598
2018-11-08,-0.01337415068924891
2018-11-09,-0.004501635271431104
2018-11-12,-0.0010115642205540953
2018-11-13,-0.04293933226093016
2018-11-14,0.005445870262050401
2018-11-15,0.003342324402128838
2018-11-16,0.0015306205973754095
2018-11-19,0.00043500486456482523
2018-11-20,-0.03916500639942738
2018-11-21,0.008276381833468849
2018-11-22,-0.009213762512340518
2018-11-23,-0.03480082036331367
2018-11-26,0.014785876403351939
2018-11-27,-0.0033860665220191155
2018-11-28,-0.01289444870049633
2018-11-29,0.00666356470698265
2018-11-30,-0.007694733298870493
2018-12-03,0.027553025594088953
2018-12-04,0.0036932048593721345
2018-12-05,-0.0038886763204202812
2018-12-06,-0.013752153158096914
2018-12-07,0.014501678899434045
2018-12-10,-0.0158964665297458
2018-12-11,0.0023882450273313705
2018-12-12,-0.0009215481217622612
2018-12-13,0.01202533455517546
2018-12-14,-0.010637624458661288
2018-12-17,-0.005924842294335653
2018-12-18,-0.031242999429724305
2018-12-19,0.008453604835648998
2018-12-20,-0.027449467079514456
2018-12-21,-0.004920122320010101
2018-12-24,-0.03172013816751679
2018-12-26,0.03628938886957661
2018-12-27,-0.021773860196170114
2018-12-28,0.001256099785727438
2018-12-31,0.014068840868215748
2019-01-02,0.010406487128882869
2019-01-03,0.010154416871525074
2019-01-04,0.010650483273066946
2019-01-07,0.0029070009382992645
2019-01-08,0.013141548789156798
2019-01-09,0.025267146394425843
2019-01-10,0.0029110130279441093
2019-01-11,-0.010238551198180512
2019-01-14,-0.013779052281953308
2019-01-15,0.014676131351262667
2019-01-16,0.006016067051906493
2019-01-17,-0.0007398550060913611
2019-01-18,0.014169055594166757
2019-01-21,0.0004978442870696154
2019-01-22,-0.01097284658518588
2019-01-23,-0.0034404523223779404
2019-01-24,-0.0008556676335406688
2019-01-25,0.0049534009663986245
2019-01-28,-0.015691494549775087
2019-01-29,0.012759923178483346
2019-01-30,0.002702639664640849
2019-01-31,0.0026440256359533953
2019-02-01,0.00803667953391346
2019-02-04,-0.0020440972284421766
2019-02-05,-0.004658470146586657
2019-02-06,0.00640677843944798
2019-02-07,-0.009828627749880026
2019-02-08,0.004410818268063554
2019-02-11,-0.005681465791271767
2019-02-12,0.008444263195003743
2019-02-13,0.010885222008260365
2019-02-14,0.009229360173595269
2019-02-15,0.015910669776755093
2019-02-18,0.002763678528438618
2019-02-19,4.905247953440606e-05
2019-02-20,0.005864474566070477
2019-02-21,-3.598617325156761e-05
2019-02-22,0.0006395705075880609
2019-02-25,-0.021718402350654198
2019-02-26,0.0038924283914916757
2019-02-27,0.010234693544016016
2019-02-28,-0.0030526490612402535
2019-03-01,-0.008537857930516202
2019-03-04,0.0053119379602499794
2019-03-05,0.0015407216152752423
2019-03-06,0.0013896268306213821
2019-03-07,0.002922155467539822
2019-03-08,-0.005082289723950029
2019-03-11,0.007757504078077682
2019-03-12,0.0007617450759548339
2019-03-13,0.008350114771885742
2019-03-14,-0.002821147114321465
2019-03-15,-0.0004278987975349646
2019-03-18,0.003397969563639247
2019-03-19,0.0006666655464883098
2019-03-20,0.008308129714329038
2019-03-21,-0.005770996990484334
2019-03-22,-0.007455718947974477
2019-03-25,0.0013806170235733384
2019-03-26,0.006777251595676992
2019-03-27,-0.0011520716227158556
2019-03-28,0.0001100611048430733
2019-03-29,0.0052049764526010955
2019-04-01,0.005767206514604328
2019-04-02,0.0035459563445354725
2019-04-03,-0.00033438692417869786
2019-04-04,0.0009247849100369465
2019-04-05,0.008644497668630402
2019-04-08,0.007125730371476402
2019-04-09,-0.004155685401064146
2019-04-10,0.010471330687419345
2019-04-11,-0.008298748108347076
2019-04-12,0.0068471228698621656
2019-04-15,-0.0035828479731722096
2019-04-16,0.005135033893092722
2019-04-17,-0.0009660676568035154
2019-04-18,0.0033648913720627505
2019-04-22,0.019062450519414298
2019-04-23,0.004657331596118364
2019-04-24,0.0011977885277039135
2019-04-25,-0.0018834933258162767
2019-04-26,-0.020255890681079358
2019-04-29,-0.0013212174369671148
2019-04-30,0.006352352096294145
2019-05-01,-0.005653011812907893
2019-05-02,-0.013013048979424569
2019-05-03,0.0005830116288575993
2019-05-06,0.0031909851380446663
2019-05-07,-0.012445040374353511
2019-05-08,0.004469702859874247
2019-05-09,-0.00015082323700493783
2019-05-10,0.0022595077752339265
2019-05-13,-0.003558084267161199
2019-05-14,0.009318232054352116
2019-05-15,0.004879141504110229
2019-05-16,0.008171856112547782
2019-05-17,-0.003526786795624015
2019-05-20,-0.002011204840089542
2019-05-21,0.001788536768571658
2019-05-22,-0.01099790069298795
2019-05-23,-0.02980125633291475
2019-05-24,0.0078578373334533
2019-05-27,0.012247988119833908
2019-05-28,0.00042507250100387584
2019-05-29,-0.005667722825161814
2019-05-30,-0.023819702044653224
2019-05-31,-0.022382501811670896
2019-06-03,-0.03054944619148381
2019-06-04,0.0053102100563641175
2019-06-05,-0.013175761471920344
2019-06-06,0.00962001283717323
2019-06-07,0.014642532352595272
2019-06-10,-0.008724936198638844
2019-06-11,0.00035241806735059056
2019-06-12,-0.021639467180740335
2019-06-13,0.012074012257992095
2019-06-14,0.005927720085279253
2019-06-17,-0.009386030501450648
2019-06-18,0.011125658081864498
2019-06-19,-0.0031177386119774497
2019-06-20,0.024514218044986824
2019-06-21,0.007105017400162339
2019-06-24,-0.0022920394609987627
2019-06-25,0.0019256271990440998
2019-06-26,0.013177381799455212
2019-06-27,0.0007675294313178038
2019-06-28,0.0004192610774218508
2019-07-01,-0.013696569843062556
2019-07-02,-0.024648730765396865
2019-07-03,0.012345456626112306
2019-07-04,-0.005389468796584029
2019-07-05,0.008908334209257629
2019-07-08,-0.0011495528291033397
2019-07-09,0.0007132320651670465
2019-07-10,0.026202222665354935
2019-07-11,-0.004177195122158139
2019-07-12,0.0026025570859628533
2019-07-15,-0.0023269701861816094
2019-07-16,-0.01957374444077642
2019-07-17,-0.0066573697629047635
2019-07-18,-0.016610010300384837
2019-07-19,0.004579144516083267
2019-07-22,0.006835734197822019
2019-07-23,0.00548916389245635
2019-07-24,-0.005692503680057914
2019-07-25,0.002023504539566734
2019-07-26,0.00048150542972874577
2019-07-29,0.00236895089645639
2019-07-30,0.00934388675664638
2019-07-31,0.004326191572034399
2019-08-01,-0.0426424189459822
2019-08-02,0.012400611075748191
2019-08-05,-0.02032671333301056
2019-08-06,-0.007841486802308117
2019-08-07,-0.025635581501825322
2019-08-08,0.010032456736585593
2019-08-09,0.009936500092479872
2019-08-12,0.0008260951358627922
2019-08-13,0.025460495334746425
2019-08-14,-0.01643460661553864
2019-08-15,-0.01092600251407666
2019-08-16,0.00311251908832344
2019-08-19,0.0098119297027221
2019-08-20,0.0029094668202436225
2019-08-21,0.0028325885055437428
2019-08-22,-0.0033842224904906404
2019-08-23,-0.0053033372276896085
2019-08-26,-0.006064135513423996
2019-08-27,0.007217467241574016
2019-08-28,0.008926914260023178
2019-08-29,0.0057718208562404505
2019-08-30,-0.005635834678466234
2019-09-02,-0.01619441941640426
2019-09-03,-0.004065497620935943
2019-09-04,0.021905644925833634
2019-09-05,0.0024589397345429753
2019-09-06,0.0061572656685123794
2019-09-09,0.009801592659712921
2019-09-10,-0.0016464816936961335
2019-09-11,-0.014172704291440796
2019-09-12,-0.004193212017478298
2019-09-13,-0.001970457214787724
2019-09-16,0.08085294931275505
2019-09-17,-0.040204069355260386
2019-09-18,-0.006721826342674375
2019-09-19,0.005976317567965128
2019-09-20,-0.001287269697517468
2019-09-23,0.004725688078104362
2019-09-24,-0.015350097462569268
2019-09-25,-0.006580916158807071
2019-09-26,0.0026635855021822086
2019-09-27,-0.007803524138702167
2019-09-30,-0.010392812998556655
2019-10-01,-0.017759332676430595
2019-10-02,-0.011579514832844806
2019-10-03,-0.0004914579199584712
2019-10-04,0.005732986794775796
2019-10-07,-0.00010461859792609829
2019-10-08,-0.0008255701262183113
2019-10-09,0.0007182911485595356
2019-10-10,0.007156437120098169
2019-10-11,0.013087504404514283
2019-10-14,-0.010295503564497988
2019-10-15,-0.005339978372114806
2019-10-16,0.005858146634922123
2019-10-17,0.0044110927457391425
2019-10-18,-0.004260336879504778
2019-10-21,-0.004148131710009217
2019-10-22,0.006619089389045485
2019-10-23,0.013480558509292362
2019-10-24,0.0049781560256029755
2019-10-25,0.0036983615042664453
2019-10-28,-0.003959391491515696
2019-10-29,0.0002340823467639197
2019-10-30,-0.009146478627308108
2019-10-31,-0.0036012149600087584
2019-11-01,0.013114424976780614
2019-11-04,0.004103928179964689
2019-11-05,0.008106649401884214
2019-11-06,-0.011009937058893027
2019-11-07,0.005163633757101049
2019-11-08,0.0017367623508294794
2019-11-11,-0.002855124996745284
2019-11-12,-0.0010782984772623183
2019-11-13,0.0027452484703563984
2019-11-14,-0.0008280976143951735
2019-11-15,0.009466703687070144
2019-11-18,-0.007827164930359343
2019-11-19,-0.013885756268325666
2019-11-20,0.0132964540808449
2019-11-21,0.014178173866576826
2019-11-22,-0.004735973626700973
2019-11-25,0.0027780164692314813
2019-11-26,0.005569271958365762
2019-11-27,-0.0017890617304586187
2019-11-28,-0.0015945642725784803
2019-11-29,-0.013334956213197413
2019-12-02,-0.014113134585482523
2019-12-03,-0.001501627438266151
2019-12-04,0.019620642648323583
2019-12-05,0.0038043859485427656
2019-12-06,0.009872000280132298
2019-12-09,-0.0010650963971548522
2019-12-10,0.0010992074113778116
2019-12-11,-0.00573645261885225
2019-12-12,0.004374380075747253
2019-12-13,0.009263934495715276
2019-12-16,0.0013559277731551855
2019-12-17,0.007300572011367856
2019-12-18,0.0007635502221874924
2019-12-19,0.003630989185026079
2019-12-20,-0.0036201585478734533
2019-12-23,0.002362286929157298
2019-12-24,0.007368459132917948
2019-12-26,0.00678889324922527
2019-12-27,0.0025214232344718535
2019-12-30,0.0028101720565374966
2019-12-31,-0.022357393519673474
2020-01-02,0.0021086132051487128
2020-01-03,0.020957954367686382
2020-01-06,0.003187342060579912
2020-01-07,-0.005182571340184461
2020-01-08,-0.02602961957686284
2020-01-09,-0.001143769794024696
2020-01-10,-0.004408119291036239
2020-01-13,-0.0072426370920467
2020-01-14,0.002470252485976876
2020-01-15,-0.004700967364427544
2020-01-16,0.005734743376622331
2020-01-17,0.0020457649433508474
2020-01-20,0.0034246756547207657
2020-01-21,-0.005509364703486286
2020-01-22,-0.012669203159159315
2020-01-23,-0.011097447213432643
2020-01-24,-0.012951288061683497
2020-01-27,-0.013095308435052244
2020-01-28,0.0012089179254532456
2020-01-29,0.002389881086495682
2020-01-30,-0.013901927888583465
2020-01-31,-0.0012803523637378578
2020-02-03,-0.034596342169972316
2020-02-04,-0.004961583880692955
2020-02-05,0.011031453576808403
2020-02-06,-0.003214279974217249
2020-02-07,-0.00389469816590593
2020-02-10,-0.011196300069893916
2020-02-11,0.006545018804735847
2020-02-12,0.016121747641379802
2020-02-13,0.005472979470595718
2020-02-14,0.009591197026966924
2020-02-17,0.0034884033837256356
2020-02-18,0.0010561767773291098
2020-02-19,0.012718507347674934
2020-02-20,0.0019246973652226607
2020-02-21,-0.007041402676287667
2020-02-24,-0.020284554841103253
2020-02-25,-0.012903045181289041
2020-02-26,-0.014770982180685732
2020-02-27,-0.012061405103353906
2020-02-28,-0.0158535330722267
2020-03-02,0.012157771951202045
2020-03-03,-0.0006895827714317182
2020-03-04,-0.006327921784408275
2020-03-05,-0.010585415218496985
2020-03-06,-0.04377873959976153
2020-03-09,-0.10126805490953789
2020-03-10,0.023752022368679376
2020-03-11,-0.01596774002372947
2020-03-12,-0.0229942932954654
2020-03-13,0.00510164663806989
2020-03-16,-0.035640614200424664
2020-03-17,-0.012393107076877824
2020-03-18,-0.036671036071932214
2020-03-19,0.03223361470306859
2020-03-20,-0.014415741036287677
2020-03-23,0.0013222762477916455
2020-03-24,0.0006831659733456535
2020-03-25,0.002236657921061133
2020-03-26,-0.009602868583245855
2020-03-27,-0.013025986501190356
2020-03-30,-0.020430723674163813
2020-03-31,-0.0008304519562223472
2020-04-01,0.017783794356060062
2020-04-02,0.04807779167554801
2020-04-03,0.03953401058884652
2020-04-06,-0.007800471545365811
2020-04-07,-0.009784273698907775
2020-04-08,0.008492242741826125
2020-04-09,-0.012746967090576627
2020-04-13,0.0025189831482193975
2020-04-14,-0.020056866331244913
2020-04-15,-0.01774395345867044
2020-04-16,0.000370028318957924
2020-04-17,0.0018603144248003356
2020-04-20,-0.02303541320018833
2020-04-21,-0.05763802438485936
2020-04-22,0.008155836239443813
2020-04-23,0.00716413626406812
2020-04-24,0.001417625907651366
2020-04-27,-0.013058278054807124
2020-04-28,0.0041953519273345355
2020-04-29,0.01878112083934864
2020-04-30,0.025493564879516022
2020-05-01,0.011669409424428116
2020-05-04,0.00790778090478568
2020-05-05,0.035118676910147084
2020-05-06,-0.010865945363485091
2020-05-07,-0.001452541837973803
2020-05-08,0.013510668770460435
2020-05-11,-0.012238987247593633
2020-05-12,0.0035042746828585214
2020-05-13,-0.007615863842227982
2020-05-14,0.017867522874012456
2020-05-15,0.012599679545715517
2020-05-18,0.021969780504556696
2020-05-19,-0.0008220643845623932
2020-05-20,0.010768191090698931
2020-05-21,0.002930239740291135
2020-05-22,-0.008209816038613371
2020-05-25,0.003666470427544505
2020-05-26,0.0056687140727297025
2020-05-27,-0.012975433736316322
2020-05-28,0.005085739816397233
2020-05-29,1.9901762432217307e-05
2020-06-01,0.027681601036426473
2020-06-02,0.011850305502318387
2020-06-03,0.003021120007390493
2020-06-04,0.002223473037596263
2020-06-05,0.021346301397095563
2020-06-08,-0.013490448073005173
2020-06-09,0.003991716165890252
2020-06-10,0.004674827570068207
2020-06-11,-0.029097982474758005
2020-06-12,0.0014590317713682466
2020-06-15,0.008220868194015712
2020-06-16,0.011574956285145876
2020-06-17,-0.0018788118058956915
2020-06-18,0.007690423625641263
2020-06-19,0.0062763720551859414
2020-06-22,0.008496602492212152
2020-06-23,-0.003847498172220687
2020-06-24,-0.021148253787969473
2020-06-25,0.006422768363520348
2020-06-26,-0.0008581279434331512
2020-06-29,0.006559325185298892
2020-06-30,-0.00508567967517784
2020-07-01,0.008234528297969335
2020-07-02,0.010154156420222049
2020-07-03,-0.002753196921525758
2020-07-06,0.0030411920339035448
2020-07-07,-0.00024797388830119504
2020-07-08,0.0020165272570539794
2020-07-09,-0.008633904521600427
2020-07-10,0.00814659758762365
2020-07-13,-0.004955897039074536
2020-07-14,0.0018535905565255084
2020-07-15,0.008062568796303848
2020-07-16,-0.003714631670552304
2020-07-17,-0.0019088233285494693
2020-07-20,0.0011425182876400042
2020-07-21,0.00952176492248627
2020-07-22,-0.00011982750384820218
2020-07-23,-0.00872518072582637
2020-07-24,0.00015804499894786495
2020-07-27,0.00036685294442959093
2020-07-28,-0.001732319786044656
2020-07-29,0.0048768787667609614
2020-07-30,-0.007450359543457241
2020-07-31,0.0033747507928014175
2020-08-03,0.007631437317532769
2020-08-04,0.0027751756658407623
2020-08-05,0.007085663513040158
2020-08-06,-0.0005734239960115961
2020-08-07,-0.0061475948855092
2020-08-10,0.005330280761136258
2020-08-11,-0.004641669398604609
2020-08-12,0.008673891400149542
2020-08-13,-0.00436231082932767
2020-08-14,-0.0012586782878298008
2020-08-17,0.005093675273477538
2020-08-18,0.0008461828940050098
2020-08-19,-0.0006549895951700191
2020-08-20,-0.0043100858575339795
2020-08-21,-0.005140414793777248
2020-08-24,0.006982920074142557
2020-08-25,0.006648381452023927
2020-08-26,-0.001719832818330408
2020-08-27,-0.004877558116370806
2020-08-28,-0.0004926250036590418
2020-08-31,0.0019548462714428783
2020-09-01,0.0027753930770518243
2020-09-02,-0.010485037650502321
2020-09-03,-0.003355908680991143
2020-09-04,-0.013347139977517963
2020-09-07,-0.006243163661836776
2020-09-08,-0.021001195471396256
2020-09-09,0.008860566213593546
2020-09-10,-0.007244887220279106
2020-09-11,-0.0019090736202749536
2020-09-14,-0.00225968800640608
2020-09-15,0.008377085373551474
2020-09-16,0.0155942765277082
2020-09-17,0.010392544140690463
2020-09-18,-0.0007757496226223626
2020-09-21,-0.01544594789836598
2020-09-22,0.0023430830824757998
2020-09-23,1.5589615458555528e-06
2020-09-24,0.001650462367839639
2020-09-25,-0.00015076163077218374
2020-09-28,0.004740442082692503
2020-09-29,-0.012834169646682742
2020-09-30,-0.00074658908170111
2020-10-01,-0.0005941126366471039
2020-10-02,-0.015303571053955939
2020-10-05,0.018400639639196137
2020-10-06,0.01226732363330138
2020-10-07,-0.005343897584754481
2020-10-08,0.012741128406289548
2020-10-09,-0.004548174674133404
2020-10-12,-0.010068332594489665
2020-10-13,0.006452204894887792
2020-10-14,0.0077651677472653224
2020-10-15,-0.0011662863988010364
2020-10-16,-0.0018855086537090116
2020-10-19,-0.002924731520102891
2020-10-20,0.004869562518071108
2020-10-21,-0.013190019000096309
2020-10-22,0.006713785735230737
2020-10-23,-0.006678812305714238
2020-10-26,-0.011924999787029184
2020-10-27,0.0064668359272543885
2020-10-28,-0.019436688548317593
2020-10-29,-0.013550030483595099
2020-10-30,-0.0025088662539616002
2020-11-02,0.013455458719373314
2020-11-03,0.006925108174800493
2020-11-04,0.014505154690601874
2020-11-05,-0.002379350962953941
2020-11-06,-0.01321975580483098
2020-11-09,0.02690012280462087
2020-11-10,0.011042204089345031
2020-11-11,0.0027290756730864174
2020-11-12,-0.0021171550690164964
2020-11-13,-0.0068786261757773914
2020-11-16,0.009410882881913302
2020-11-17,-0.0007429661801189869
2020-11-18,0.005720419894931633
2020-11-19,-0.0012426870912302657
2020-11-20,0.007148332816192815
2020-11-23,0.010169042091596275
2020-11-24,0.01690757853874894
2020-11-25,0.007419126415692756
2020-11-26,-0.00685565041935654
2020-11-27,0.0036218578707695737
2020-11-30,-0.005619894976279238
2020-12-01,-0.0015216965825101125
2020-12-02,0.007451183361455893
2020-12-03,0.004277792838904115
2020-12-04,0.005259268246699922
2020-12-07,-0.004041665166002073
2020-12-08,0.0005635160108868331
2020-12-09,5.787331308859667e-05
2020-12-10,0.012809932367571941
2020-12-11,-0.0024160752097789895
2020-12-14,0.0033121916602674717
2020-12-15,0.0042813444074057405
2020-12-16,0.003089420455195724
2020-12-17,0.00403602532678532
2020-12-18,0.007133535819270176
2020-12-21,-0.012219989283047406
2020-12-22,-0.0075722780555605995
2020-12-23,0.009828836466526991
2020-12-24,0.0007156692213931004
2020-12-28,-0.003626729493438785
2020-12-29,0.0020946386089690794
2020-12-30,0.002203465211583877
2020-12-31,0.004327600493139516
2021-01-04,-0.006411733164516931
2021-01-05,0.02315417797865943
2021-01-06,0.006519684309991947
2021-01-07,0.0015336187185153727
2021-01-08,0.015027709724256766
2021-01-11,-0.0028345023096247313
2021-01-12,0.008891955289608788
2021-01-13,-0.004777781383111912
2021-01-14,0.0035188813367888483
2021-01-15,-0.012257866394714212
2021-01-18,-0.003265670823706046
2021-01-19,0.010167168302065932
2021-01-20,0.0016848879220461854
2021-01-21,0.000533658923713265
2021-01-22,-0.00629686326800688
2021-01-25,0.004254466779716581
2021-01-26,0.0001309355009451174
2021-01-27,-0.0007823807571644692
2021-01-28,-0.002579658427160403
2021-01-29,0.003161424217199893
2021-02-01,0.004284695713581421
2021-02-02,0.010369069265831865
2021-02-03,0.009462518451075763
2021-02-04,0.003927192959632508
2021-02-05,0.004930881624082284
2021-02-08,0.011393440758621587
2021-02-09,0.005157584698667894
2021-02-10,0.003906204045629691
2021-02-11,-0.002842981342490225
2021-02-12,0.011944991881412292
2021-02-15,0.008056924609804894
2021-02-16,0.0009269647852299667
2021-02-17,0.009366666550265745
2021-02-18,-0.0036486668551611867
2021-02-19,-0.009150110175697224
2021-02-22,0.021213597929956807
2021-02-23,0.0011645583979442153
2021-02-24,0.01605252043450839
2021-02-25,-0.0012488175945642443
2021-02-26,-0.006442319630699744
2021-03-01,-0.022587054605333667
2021-03-02,-0.009599274070167196
2021-03-03,0.011799645401337044
2021-03-04,0.02444373025219404
2021-03-05,0.02480489772304706
2021-03-08,-0.009250696605067277
2021-03-09,-0.0060012714722395555
2021-03-10,0.0030961587825728
2021-03-11,0.015758858174451162
2021-03-12,-0.003471456654584093
2021-03-15,-0.0026794723404583443
2021-03-16,-0.004665340188507061
2021-03-17,-0.0037416552316436036
2021-03-18,-0.04362619720119282
2021-03-19,0.010865825273532415
2021-03-22,-0.00038428930540462813
2021-03-23,-0.034882627752119255
2021-03-24,0.03291592837294083
2021-03-25,-0.023334409406285617
2021-03-26,0.02487644696868979
2021-03-29,0.0033614782671685384
2021-03-30,-0.006934818732110715
2021-03-31,-0.005498691384082877
2021-04-01,0.01184141739496486
2021-04-05,-0.02496691772857179
2021-04-06,0.005505724653019184
2021-04-07,0.0031551204720015047
2021-04-08,0.000584107282506463
2021-04-09,-0.0021761684453440733
2021-04-12,0.0030208080616749844
2021-04-13,0.0035547472276017955
2021-04-14,0.026921360593093413
2021-04-15,0.0037502029078068655
2021-04-16,-0.0006907295837347283
2021-04-19,0.0026612312558699225
2021-04-20,-0.004435281460463736
2021-04-21,-0.011478233226720758
2021-04-22,0.0004591520042109831
2021-04-23,0.006185557741601122
2021-04-26,-0.004131544025956113
2021-04-27,0.007239004078644473
2021-04-28,0.007777513128859659
2021-04-29,0.012188544508609733
2021-04-30,-0.011669433707349297
2021-05-03,0.003076441598594659
2021-05-04,0.011808419183275742
2021-05-05,0.0009725813911758419
2021-05-06,-0.007620247683049142
2021-05-07,0.001674466504110128
2021-05-10,0.0001401254914078498
2021-05-11,0.0021757922991279544
2021-05-12,0.007124129834852111
2021-05-13,-0.02074086335214037
2021-05-14,0.01524543894706365
2021-05-17,0.006437985579034411
2021-05-18,-0.006343528332713566
2021-05-19,-0.018736832982134632
2021-05-20,-0.014709871839078792
2021-05-21,0.011480667645406395
2021-05-24,0.018296309785561515
2021-05-25,0.002355432666623747
2021-05-26,0.002624803223130967
2021-05-27,0.005509291760663837
2021-05-28,0.0016935959429562608
2021-05-31,-0.0026651732372037773
2021-06-01,0.008573669684890928
2021-06-02,0.01013932800779832
2021-06-03,2.117061018819255e-05
2021-06-04,0.005648922480916196
2021-06-07,-0.0036282142873925727
2021-06-08,0.006840307204623253
2021-06-09,-3.3051123357441536e-05
2021-06-10,0.0029703039089445382
2021-06-11,0.001598170217761763
2021-06-14,0.0016695975712237021
2021-06-15,0.010468063708413078
2021-06-16,0.003856483600832683
2021-06-17,-0.011688636089017823
2021-06-18,0.003925921422093859
2021-06-21,0.012466095001627542
2021-06-22,-0.0005498761783306882
2021-06-23,0.003885648536793407
2021-06-24,0.003422095254875468
2021-06-25,0.0058565990577235105
2021-06-28,-0.01363053350210508
2021-06-29,0.0007463732802318601
2021-06-30,0.0029846186960709176
2021-07-01,0.006598997283621011
2021-07-02,0.003222594507540033
2021-07-05,0.009352105578452563
2021-07-06,-0.024001028837927096
2021-07-07,-0.01013441608257748
2021-07-08,0.005474293857196499
2021-07-09,0.012923459056248143
2021-07-12,-0.0032320777343052276
2021-07-13,0.012607267774784159
2021-07-14,-0.01588584753926625
2021-07-15,-0.011685201728199868
2021-07-16,0.0004647145533231978
2021-07-19,-0.04609939054935924
2021-07-20,0.006198002054195739
2021-07-21,0.02516478174376996
2021-07-22,0.014888899987491544
2021-07-23,0.0038525831945772637
2021-07-26,0.0041631147503993216
2021-07-27,-5.05785605657838e-05
2021-07-28,0.002505370431639564
2021-07-29,0.012080378641706635
2021-07-30,0.002797912467125796
2021-08-02,-0.031254705283773165
2021-08-03,-0.004721918905905398
2021-08-04,-0.019723024447864668
2021-08-05,0.008011226511201286
2021-08-06,-0.0059102172667504504
2021-08-09,-0.01508361192655655
2021-08-10,0.014279673028640527
2021-08-11,0.00715716215182538
2021-08-12,-0.0006504839591393585
2021-08-13,-0.006409241439123248
2021-08-16,-0.010057851083091651
2021-08-17,-0.004744781754167149
2021-08-18,-0.007726132246462236
2021-08-19,-0.016609768462980123
2021-08-20,-0.012116952655604807
2021-08-23,0.032205960212024876
2021-08-24,0.021203842722812838
2021-08-25,0.012324373416392309
2021-08-26,-0.010067561640401845
2021-08-27,0.015214281644390648
2021-08-30,0.006378763486059924
2021-08-31,-0.003319316053194632
2021-09-01,-0.012728915916250583
2021-09-02,0.012976842657421495
2021-09-03,-0.004105859373174037
2021-09-06,-0.0032238674145770863
2021-09-07,-0.005041945313083052
2021-09-08,0.008204576724048784
2021-09-09,-0.010634633614829858
2021-09-10,0.013661929759913982
2021-09-13,0.005265020946318311
2021-09-14,0.0013154103606671796
2021-09-15,0.01729827834945724
2021-09-16,0.0021663776679030633
2021-09-17,-0.002480928495163237
2021-09-20,-0.013046188777233514
2021-09-21,0.0037965277338094516
2021-09-22,0.016485398095304915
2021-09-23,0.010086586768681904
2021-09-24,0.00837395299135768
2021-09-27,0.013651091940967697
2021-09-28,-0.0036481790733131625
2021-09-29,-0.0037783335561080156
2021-09-30,-0.0012807929984554045
2021-10-01,0.006852608128870008
2021-10-04,0.018274173819012307
2021-10-05,0.012403950708119393
2021-10-06,-0.012909229965789693
2021-10-07,0.008214480602135144
2021-10-08,0.0037228703310263622
2021-10-11,0.011895277248910596
2021-10-12,-0.0018500747030496534
2021-10-13,-0.0018736324400644433
2021-10-14,0.007454464607078215
2021-10-15,0.007938167060884904
2021-10-18,-0.004547048877510562
2021-10-19,0.007090081891874878
2021-10-20,0.006742798780765447
2021-10-21,-0.010839137651620478
2021-10-22,0.008544396235810714
2021-10-25,0.003989887865990971
2021-10-26,0.004088550619703923
2021-10-27,-0.01657344474080724
2021-10-28,-0.0024788530738085734
2021-10-29,1.7592238719110753e-06
2021-11-01,0.0029694885452666853
2021-11-02,0.00014609296021195206
2021-11-03,-0.025030891402020083
2021-11-04,-0.0136477090268049
2021-11-05,0.01930438248331845
2021-11-08,0.006181006278724865
2021-11-09,0.01313259628881669
2021-11-10,-0.019347779392006825
2021-11-11,0.002264602813895733
2021-11-12,-0.007030120308071264
2021-11-15,-0.0011167662640874099
2021-11-16,0.003283514458397363
2021-11-17,-0.01978024108452292
2021-11-18,0.008704403650982795
2021-11-19,-0.02213781512601587
2021-11-22,0.007467651148042376
2021-11-23,0.023439302049157673
2021-11-24,-2.8604163533008098e-05
2021-11-25,0.0004649436368823201
2021-11-26,-0.08745726466605819
2021-11-29,0.005556941325330966
2021-11-30,-0.029056402865137665
2021-12-01,-0.01576090061832025
2021-12-02,0.006350933208097542
2021-12-03,0.0015351317577004253
2021-12-06,0.02970502828588889
2021-12-07,0.02213876030649442
2021-12-08,0.00467790161181425
2021-12-09,-0.012166824510340901
2021-12-10,0.00667129721195403
2021-12-13,-0.0073144879313412625
2021-12-14,-0.006226422814830546
2021-12-15,0.0013618765803035116
2021-12-16,0.010314830383401308
2021-12-17,-0.013626878992535785
2021-12-20,-0.018248687771056926
2021-12-21,0.021988340621139524
2021-12-22,0.01175887320511293
2021-12-23,0.015209158120253807
2021-12-24,-0.005985163067956267
2021-12-27,0.023009133524965697
2021-12-28,0.0032007071752170324
2021-12-29,0.0034118898786521523
2021-12-30,0.0009581535034042243
2021-12-31,-0.014080814450876167
2022-01-03,0.010898389935326325
2022-01-04,0.009080786824579357
2022-01-05,0.007820835629712586
2022-01-06,0.011334197169480031
2022-01-07,-0.0018467934574273315
2022-01-10,-0.0077852784665878305
2022-01-11,0.026063952301821458
2022-01-12,0.00880992736707964
2022-01-13,-0.0009181264670322653
2022-01-14,0.014883978287665633
2022-01-17,0.0039859430023881925
2022-01-18,0.009982433183909456
2022-01-19,0.00879498609425422
2022-01-20,-0.0001532475438705827
2022-01-21,-0.00425015275920515
2022-01-24,-0.014982190247083249
2022-01-25,0.017442105642293648
2022-01-26,0.015950275921562396
2022-01-27,-0.004956843781537379
2022-01-28,0.006785645076603508
2022-01-31,0.01076001213871447
2022-02-01,-0.018538422220881423
2022-02-02,0.0029622611635145013
2022-02-03,0.014541646971598765
2022-02-04,0.020152369154057714
2022-02-07,-0.004627089765135706
2022-02-08,-0.017025337562792453
2022-02-09,0.00670744065519735
2022-02-10,-0.001749737292877973
2022-02-11,0.028092677589812154
2022-02-14,0.019074257945032702
2022-02-15,-0.028356389405203464
2022-02-16,0.014308899570834033
2022-02-17,-0.0176809927214433
2022-02-18,0.005478999995796707
2022-02-21,0.016563668182224767
2022-02-22,0.013715573427418137
2022-02-23,0.000692002826530147
2022-02-24,0.021032082451189926
2022-02-25,-0.010334214605983494
2022-02-28,0.028677119683699348
2022-03-01,0.03664374463750075
2022-03-02,0.07458406372112603
2022-03-03,-0.02070406909397593
2022-03-04,0.07241417932704108
2022-03-07,0.047086645387777515
2022-03-08,0.04666387791993232
2022-03-09,-0.1529990948550678
2022-03-10,-0.017173596729678997
2022-03-11,0.025714073660247805
2022-03-14,-0.05325175563107931
2022-03-15,-0.06402268215665763
2022-03-16,-0.01982925921707346
2022-03-17,0.0771235618368431
2022-03-18,0.012294445643449614
2022-03-21,0.07339145362248445
2022-03-22,-5.9906079323823747e-05
2022-03-23,0.058515194990429675
2022-03-24,-0.02301037804349937
2022-03-25,0.0163765405576759
2022-03-28,-0.07575091387159472
2022-03-29,-0.021157241761635692
2022-03-30,0.02704440305329081
2022-03-31,-0.05127433129335646
2022-04-01,-0.03209395496764067
2022-04-04,0.02691971403859339
2022-04-05,-0.008849146606539349
2022-04-06,-0.05046534695344862
2022-04-07,-0.005387104053479419
2022-04-08,0.01859796730815999
2022-04-11,-0.03947124420613535
2022-04-12,0.056845756010938886
2022-04-13,0.03756019313307546
2022-04-14,0.02910260130694864
2022-04-18,0.014949943198571347
2022-04-19,-0.05339517204719979
2022-04-20,-0.0043836584034468995
2022-04-21,0.012338436111021589
2022-04-22,-0.01542050215296209
2022-04-25,-0.03960206792672005
2022-04-26,0.0236092978143142
2022-04-27,0.002095001520852513
2022-04-28,0.021694591487402493
2022-04-29,0.016454891656766724
2022-05-02,-0.015352958056870425
2022-05-03,-0.02371732610516486
2022-05-04,0.04678818351256131
2022-05-05,0.006824717420230941
2022-05-06,0.015279859024733278
2022-05-09,-0.058980745875353735
2022-05-10,-0.03232309978597814
2022-05-11,0.044242851757821056
2022-05-12,-0.0009851116884391775
2022-05-13,0.03917596606134044
2022-05-16,0.0251992204353374
2022-05-17,-0.019785783506966137
2022-05-18,-0.02544226950130024
2022-05-19,0.02599049095881112
2022-05-20,0.004213355377071681
2022-05-23,0.00890377717432933
2022-05-24,0.0015318435227706928
2022-05-25,0.004590710344540505
2022-05-26,0.031109640798925642
2022-05-27,0.019194965108574102
2022-05-30,0.02180893212250079
2022-05-31,0.011600346476855816
2022-06-01,-0.0595128612811493
2022-06-02,0.01175260452762894
2022-06-03,0.017691045919239645
2022-06-06,-0.001318924653615161
2022-06-07,0.010337151168648417
2022-06-08,0.027761883568970247
2022-06-09,-0.004054034878275381
2022-06-10,-0.008950707974389682
2022-06-13,0.0021284777875416605
2022-06-14,-0.010398896402517344
2022-06-15,-0.024530674062253843
2022-06-16,0.011352727335574575
2022-06-17,-0.06219072491866329
2022-06-20,0.00892101161693537
2022-06-21,0.0029821595631908115
2022-06-22,-0.026435795734103595
2022-06-23,-0.015730630157134273
2022-06-24,0.02723336531827847
2022-06-27,0.0179903824117984
2022-06-28,0.027698792485241763
2022-06-29,-0.014943403477477801
2022-06-30,-0.012709764788751299
2022-07-01,-0.029923050648027028
2022-07-04,0.016440566807034318
2022-07-05,-0.09945964666623686
2022-07-06,-0.019806937999096497
2022-07-07,0.03314081707848515
2022-07-08,0.021659616160143003
2022-07-11,0.0021355982167026166
2022-07-12,-0.06935347810507564
2022-07-13,-9.088550193636635e-05
2022-07-14,-0.006497136914930257
2022-07-15,0.0189303793025124
2022-07-18,0.04712722186144391
2022-07-19,0.011101201829558094
2022-07-20,-0.002373005642676951
2022-07-21,-0.02790244534781361
2022-07-22,-0.006539579083116531
2022-07-25,0.01699712249180718
2022-07-26,-0.006874153612747125
2022-07-27,0.020907471951366774
2022-07-28,0.00481913258069
2022-07-29,0.02710921128031707
2022-08-01,-0.09138499118662724
2022-08-02,0.004401355554396025
2022-08-03,-0.03740882190169381
2022-08-04,-0.024756198476305835
2022-08-05,0.005988707359149692
2022-08-08,0.015249968528800784
2022-08-09,-0.002706856508622457
2022-08-10,0.01048987521564515
2022-08-11,0.020272858858630505
2022-08-12,-0.012787558863142534
2022-08-15,-0.027603472295382958
2022-08-16,-0.026158808703296232
2022-08-17,0.01087492204977536
2022-08-18,0.026414968244888426
2022-08-19,0.0019002441399138537
2022-08-22,-0.0075186885244945545
2022-08-23,0.030860577069271034
2022-08-24,0.010883155041226389
2022-08-25,-0.016209930012949347
2022-08-26,0.005187314658823716
2022-08-29,0.03560197586151781
2022-08-30,-0.04625219760324084
2022-08-31,-0.011870747718023544
2022-09-01,-0.039621053377664195
2022-09-02,0.005226414600370877
2022-09-05,0.0239250026342146
2022-09-06,-0.02629030790815201
2022-09-07,-0.04400047056014966
2022-09-09,0.0431734374256022
2022-09-12,0.009833371668073299
2022-09-13,-0.00612296978783422
2022-09-14,0.008799214322583016
2022-09-15,-0.03013850555665143
2022-09-16,0.004596240205624547
2022-09-19,0.005105498335210346
2022-09-20,-0.023711324531076716
2022-09-21,-0.0056265416022072134
2022-09-22,0.005906898553088125
2022-09-23,-0.04150774621620135
2022-09-26,-0.020265940107595415
2022-09-27,0.01696811355331107
2022-09-28,0.04056003685166987
2022-09-29,-0.006566235194012449
2022-09-30,-0.003695847994704682
2022-10-03,0.007986478536819441
2022-10-04,0.027008059683479635
2022-10-05,0.015036346074871587
2022-10-06,0.010681750794116263
2022-10-07,0.03278062872511367
2022-10-10,-0.015230877927493003
2022-10-11,-0.016677857071625835
2022-10-12,-0.01764300529442908
2022-10-13,0.01876230036843418
2022-10-14,-0.04097141845843477
2022-10-17,0.00038973459907587493
2022-10-18,-0.015805081667671805
2022-10-19,0.017871669464954665
2022-10-20,-0.001246141530959699
2022-10-21,0.00874069019311674
2022-10-24,-0.0011285953306017227
2022-10-25,0.005118510505055185
2022-10-26,0.03637723076074206
2022-10-27,0.012282009090106905
2022-10-28,-0.00967905734100083
2022-10-31,-0.008420715184836669
2022-11-01,-0.0021026371372949715
2022-11-02,0.013608420256492448
2022-11-03,-0.013596647176401744
2022-11-04,0.03616124111562513
2022-11-07,-0.005973726264259738
2022-11-08,-0.02251716178722385
2022-11-09,-0.025414678273988356
2022-11-10,0.008351771006932629
2022-11-11,0.020690500545286317
2022-11-14,-0.025679620436812156
2022-11-15,0.0069730866893392696
2022-11-16,-0.009939956237465908
2022-11-17,-0.02825333709388922
2022-11-18,-0.02051091611500022
2022-11-21,-0.0026883679176062936
2022-11-22,0.007737689284840199
2022-11-23,-0.027098452120973726
2022-11-24,-0.0007131016709081006
2022-11-25,-0.016591601786227206
2022-11-28,-0.004260780251762686
2022-11-29,-0.0020116841676168784
2022-11-30,0.0219453443326183
2022-12-01,0.013567869818761458
2022-12-02,-0.011391564039064939
2022-12-05,-0.02633232277146813
2022-12-06,-0.02822344429168966
2022-12-07,-0.02030603593199365
2022-12-08,-0.010292854664627482
2022-12-09,-0.0006155893324979456
2022-12-12,0.015729344352979457
2022-12-13,0.023390982118902337
2022-12-14,0.018175323892577255
2022-12-15,-0.012228418238756311
2022-12-16,-0.016461336700084095
2022-12-19,0.0053683895028729944
2022-12-20,0.0031378261776335847
2022-12-21,0.019097715815734828
2022-12-22,-0.008034777211150979
2022-12-23,0.026532606242210544
2022-12-27,0.0017121216647977278
2022-12-28,-0.012238589364966912
2022-12-29,-0.009310924307740498
2022-12-30,0.033075570833758006
2023-01-03,-0.034945484708481245
2023-01-04,-0.038588362331296366
2023-01-05,0.006255839364257665
2023-01-06,-0.002229995659018824
2023-01-09,0.010170293742709724
2023-01-10,0.004228006680835672
2023-01-11,0.024013623093991354
2023-01-12,0.012933276997422971
2023-01-13,0.012393060169990977
2023-01-16,-0.007017893503659112
2023-01-17,0.013704165109196365
2023-01-18,-0.008723465911544603
2023-01-19,0.01117384228605256
2023-01-20,0.013392191511511164
2023-01-23,0.005656447494010508
2023-01-24,-0.01847625203616643
2023-01-25,-0.00016172227721134025
2023-01-26,0.011833913685551645
2023-01-27,-0.007307187366523138
2023-01-30,-0.015902515203206735
2023-01-31,-0.00420225900456539
2023-02-01,-0.015736417587252305
2023-02-02,-0.006468376370416862
2023-02-03,-0.0210721894196918
2023-02-06,0.009222990859854452
2023-02-07,0.0243288402767724
2023-02-08,0.013487853309572584
2023-02-09,-0.004500339307698775
2023-02-10,0.017730495514785782
2023-02-13,0.0020669483551419843
2023-02-14,-0.008913922361575732
2023-02-15,-0.0018928048712449907
2023-02-16,-0.0025263636929246935
2023-02-17,-0.019780382670642638
2023-02-20,0.009540316632505541
2023-02-21,-0.009881520734693838
2023-02-22,-0.02373744117176957
2023-02-23,0.0132231229873645
2023-02-24,0.0074300311726797075
2023-02-27,-0.002878494000509768
2023-02-28,0.013461487794410143
2023-03-01,0.003920481652717078
2023-03-02,0.004509177625896421
2023-03-03,0.010109656916334697
2023-03-06,0.0034680595215627052
2023-03-07,-0.026250654231242176
2023-03-08,-0.006021003210834763
2023-03-09,-0.010746495566380965
2023-03-10,0.0106525758433067
2023-03-13,-0.018673388617855613
2023-03-14,-0.0304404376524402
2023-03-15,-0.03932686039118216
2023-03-16,0.007878896260252122
2023-03-17,-0.015071748995002077
2023-03-20,0.007206540940662531
2023-03-21,0.013364298257817875
2023-03-22,0.012812270977769824
2023-03-23,-0.0037481246533969115
2023-03-24,-0.008133286609424584
2023-03-27,0.028570671513347135
2023-03-28,0.004964122705459761
2023-03-29,-0.002449482207955156
2023-03-30,0.009222338626221016
2023-03-31,0.004606521309967859
2023-04-03,0.04783143566524228
2023-04-04,0.0008117127854797568
2023-04-05,0.0019396448830728552
2023-04-06,0.001204953030696676
2023-04-10,-0.008622786412683325
2023-04-11,0.013093765109620792
2023-04-12,0.015721085468865303
2023-04-13,-0.010810958343418386
2023-04-14,0.002379107948537018
2023-04-17,-0.014596674149488398
2023-04-18,-1.8082397341023793e-05
2023-04-19,-0.01562933452463755
2023-04-20,-0.018773265409913087
2023-04-21,0.00445578689214321
2023-04-24,0.009331966085654342
2023-04-25,-0.017759607298834745
2023-04-26,-0.028260304264582037
2023-04-27,0.005353023279201841
2023-04-28,0.009962069002591445
2023-05-01,-0.0017913688773980585
2023-05-02,-0.036413913432488565
2023-05-03,-0.028031176690644366
2023-05-04,8.751289353614577e-05
2023-05-05,0.024933182668078813
2023-05-08,0.016100103611474625
2023-05-09,0.0049508836855566285
2023-05-10,-0.008942033026480223
2023-05-11,-0.013153394812069896
2023-05-12,-0.007909970651555187
2023-05-15,0.009255918818504183
2023-05-16,-0.003058888317936992
2023-05-17,0.019135866132549917
2023-05-18,-0.009986925922822243
2023-05-19,-0.0021126407861791208
2023-05-22,0.0034271572205368805
2023-05-23,0.00778886726288619
2023-05-24,0.014202293985761338
2023-05-25,-0.01891479420261688
2023-05-26,0.006551554227761436
2023-05-29,0.0005798961553051818
2023-05-30,-0.03227855616195785
2023-05-31,-0.008459358903309344
2023-06-01,0.01380061609172789
2023-06-02,0.01695600287508503
2023-06-05,0.006009034215699871
2023-06-06,-0.003270808614458609
2023-06-07,0.006193802406856741
2023-06-08,-0.00915842778377507
2023-06-09,-0.010690026586871904
2023-06-12,-0.02756573847509247
2023-06-13,0.021884721917587946
2023-06-14,-0.01060369538086725
2023-06-15,0.023313706354305408
2023-06-16,0.008615274056463451
2023-06-19,-0.003973350163579914
2023-06-20,-0.0015375147774885356
2023-06-21,0.01105851167591343
2023-06-22,-0.02734566790454751
2023-06-23,-0.002652488744703696
2023-06-26,0.002151112872529115
2023-06-27,-0.017717642320189464
2023-06-28,0.016170903206710607
2023-06-29,0.0025008474542380643
2023-06-30,0.005695898026325197
2023-07-03,-0.0021495940210484177
2023-07-04,0.014858696849318509
2023-07-05,0.0037886578452717146
2023-07-06,-0.0006934201541988205
2023-07-07,0.018047615212815504
2023-07-10,-0.006998425146393483
2023-07-11,0.016210149177174782
2023-07-12,0.006502299876158912
2023-07-13,0.012074059452879982
2023-07-14,-0.013370707778595392
2023-07-17,-0.012417620443405997
2023-07-18,0.009820441760830745
2023-07-19,-0.001830928163075951
2023-07-20,0.0019614488727527357
2023-07-21,0.01313293085995404
2023-07-24,0.015581770993853161
2023-07-25,0.008879728580711399
2023-07-26,-0.006047790843787926
2023-07-27,0.012326520315556033
2023-07-28,0.006844077456863107
2023-07-31,0.005708164652802106
2023-08-01,-0.0057039636374209834
2023-08-02,-0.01564791745767191
2023-08-03,0.01747825055055008
2023-08-04,0.009851056808003134
2023-08-07,-0.0076047899026574495
2023-08-08,0.007853818109772481
2023-08-09,0.012536204990704958
2023-08-10,-0.010192491267734138
2023-08-11,0.004040486697954426
2023-08-14,-0.005805991963925394
2023-08-15,-0.012098664183642471
2023-08-16,-0.013572923330102293
2023-08-17,0.005627548678375671
2023-08-18,0.005920915996873499
2023-08-21,-0.0028613970861990357
2023-08-22,-0.0038008244129495994
2023-08-23,-0.0076926148374240055
2023-08-24,0.0011657829330812275
2023-08-25,0.010090156903324377
2023-08-28,-0.00038414166674594075
2023-08-29,0.010162312411025942
2023-08-30,0.0035077702649368714
2023-08-31,0.009551752259190027
2023-09-01,0.01577224771528185
2023-09-04,0.004617028712572524
2023-09-05,0.010106473039728447
2023-09-06,0.005399267883617109
2023-09-07,-0.005898112017304058
2023-09-08,0.006803298368302624
2023-09-11,-0.000205309481134619
2023-09-12,0.013277516305275294
2023-09-13,-0.0015009323092695093
2023-09-14,0.01713775608421808
2023-09-15,0.0022686318599394184
2023-09-18,0.00514905421914702
2023-09-19,-0.0007065980483559331
2023-09-20,-0.007321935606573682
2023-09-21,-0.0022331592642277354
2023-09-22,-0.0005338734526555422
2023-09-25,0.0001148312514580585
2023-09-26,0.00616022920388104
2023-09-27,0.02391858778162892
2023-09-28,-0.010287239060574604
2023-09-29,-3.293929523928707e-05
2023-10-02,-0.04268080533566443
2023-10-03,0.0013988899086351259
2023-10-04,-0.04832618928992527
2023-10-05,-0.01652540056075469
2023-10-06,0.003035586156698522
2023-10-09,0.0324162643358078
2023-10-10,-0.004057012920503644
2023-10-11,-0.015876127999391088
2023-10-12,0.0013090166684903703
2023-10-13,0.04450271768691072
2023-10-16,-0.010814960658457662
2023-10-17,0.003563425538267384
2023-10-18,0.014398853870907224
2023-10-19,0.008349762811619699
2023-10-20,-0.0014681471615093367
2023-10-23,-0.0212174640861994
2023-10-24,-0.016522118042605283
2023-10-25,0.01809581070583599
2023-10-26,-0.02052261947175238
2023-10-27,0.023814282691402733
2023-10-30,-0.028233149469434338
2023-10-31,2.393573321624043e-05
2023-11-01,-0.02645930661198892
2023-11-02,0.02011056735467076
2023-11-03,-0.018588047001919294
2023-11-06,0.0030861966610099545
2023-11-07,-0.03338694222720895
2023-11-08,-0.019367722584789027
2023-11-09,0.0030717755223025334
2023-11-10,0.012528940188670235
2023-11-13,0.01032549652101089
2023-11-14,6.839932959168404e-05
2023-11-15,-0.011566288326543828
2023-11-16,-0.03476496585684796
2023-11-17,0.028570717340193008
2023-11-20,0.015017729780835709
2023-11-21,0.002301458582778082
2023-11-22,-0.0040054586515130275
2023-11-23,-0.004987580576161776
2023-11-24,-0.007931955112650768
2023-11-27,-0.005770865371455769
2023-11-28,0.015338886331918378
2023-11-29,0.01308749717496327
2023-11-30,-0.001839367038118822
2023-12-01,-0.035978602482261035
2023-12-04,-0.00834189580535083
2023-12-05,-0.008865832932135498
2023-12-06,-0.02702745387315353
2023-12-07,-0.0028627201181503636
2023-12-08,0.015616145005889703
2023-12-11,0.0018770710034359261
2023-12-12,-0.025144727058628025
2023-12-13,0.009130706259175614
2023-12-14,0.020943696599267092
2023-12-15,2.5159591010570637e-06
2023-12-18,0.013551981755715925
2023-12-19,0.011920152350309965
2023-12-20,0.004869904414274484
2023-12-21,-0.002433975910934638
2023-12-22,-0.002845212664338459
2023-12-26,0.01828316931168672
2023-12-27,-0.012937748432654717
2023-12-28,-0.01118250130984677
2023-12-29,-0.012972801937573442
2024-01-02,-0.011096242901935671
2024-01-03,0.02120588257387057
2024-01-04,-0.006140388999924196
2024-01-05,0.011370931528125294
2024-01-08,-0.024356593601845167
2024-01-09,0.01356997127605164
2024-01-10,-0.007863197025971602
2024-01-11,0.005947260400841148
2024-01-12,0.00794121081638477
2024-01-15,-0.001015471856360528
2024-01-16,0.0015250208204667937
2024-01-17,-0.0037980553276116824
2024-01-18,0.011223024727116226
2024-01-19,-0.004951265548553185
2024-01-22,0.014095003623755487
2024-01-23,-0.004681115583637374
2024-01-24,0.004882670351675222
2024-01-25,0.021905862384802077
2024-01-26,0.010715701368077535
2024-01-29,-0.009774597584096156
2024-01-30,0.004518228912508082
2024-01-31,-0.010953454100768867
2024-02-01,-0.02769856486669553
2024-02-02,-0.013277882387428885
2024-02-05,0.005059146537960024
2024-02-06,0.005203544570315466
2024-02-07,0.005962512106611362
2024-02-08,0.022514514497095295
2024-02-09,0.005602132786488467
2024-02-12,-0.0009928493327326926
2024-02-13,0.007226190994113368
2024-02-14,-0.010736940718534593
2024-02-15,0.011686773924078242
2024-02-16,0.005419909136878731
2024-02-19,0.001257479788628113
2024-02-20,-0.011043897792431756
2024-02-21,0.0062401657331829785
2024-02-22,0.0056180253415450965
2024-02-23,-0.018598745732042454
2024-02-26,0.00832987111325012
2024-02-27,0.009822662970858875
2024-02-28,0.0006619454292731142
2024-02-29,-0.00022800182507209943
2024-03-01,-0.0006423782379784138
2024-03-04,-0.006927908868125776
2024-03-05,-0.007098775453682649
2024-03-06,0.008167782416670266
2024-03-07,-0.0001149658005128451
2024-03-08,-0.007835822729383768
2024-03-11,0.0010981975499116947
2024-03-12,-0.0029067177660595522
2024-03-13,0.019425005367447956
2024-03-14,0.012945997060220371
2024-03-15,2.3480687153853985e-05
2024-03-18,0.014655288418419343
2024-03-19,0.004660125059892661
2024-03-20,-0.012662716493005988
2024-03-21,-0.0015840182726789553
2024-03-22,-0.003650037178971499
2024-03-25,0.012061299232259737
2024-03-26,-0.004554749966980798
2024-03-27,-0.0011502950097154185
2024-03-28,0.012632250116776156
2024-04-01,-0.0004427945807292666
2024-04-02,0.014197329341358311
2024-04-03,0.004108037590867641
2024-04-04,0.012442809100262964
2024-04-05,0.005054427933515182
2024-04-08,-0.006840515921270107
2024-04-09,-0.008774982615524007
2024-04-10,0.009422521605435441
2024-04-11,-0.006967486719944627
2024-04-12,0.006755767910518684
2024-04-15,-0.0033540479333074025
2024-04-16,-0.0005719935787391606
2024-04-17,-0.02523576459571908
2024-04-18,-0.001984584588948235
2024-04-19,0.0008544458851578174
